Season,Transparent,Year,cap,dv
1,0,2014,394.17,19.6654
2,0,2014,394.17,19.6094
3,0,2014,394.17,18.6681
4,0,2014,394.17,16.3164
1,0,2015,394.17,13.4361
2,0,2015,394.17,11.3518
3,0,2015,394.17,9.3566
4,0,2015,394.17,7.5827
1,0,2016,394.17,6.1353
2,0,2016,394.17,5.2385
3,0,2016,394.17,4.6372
4,0,2016,394.17,5.747999999999999
1,0,2017,394.17,6.6844
2,0,2017,394.17,7.3738
1,1,2014,214.33,8.9941
2,1,2014,214.33,8.9434
4,1,2015,214.33,-1.1013
1,0,2016,214.33,-2.6223
2,0,2016,214.33,2.2818
3,0,2016,214.33,2.6179
4,0,2016,214.33,3.9392
1,0,2017,214.33,4.1693
2,0,2017,214.33,5.6091
1,0,2014,214.26,13.5327
2,0,2014,214.26,13.7579
3,0,2014,214.26,12.6527
4,0,2014,214.26,11.2875
1,0,2015,214.26,7.917000000000001
2,0,2015,214.26,5.5592
3,0,2015,214.26,2.9810000000000003
4,0,2015,214.26,0.8461
1,0,2016,214.26,-0.4943
2,0,2016,214.26,-0.9943
3,0,2016,214.26,-0.3333
4,0,2016,214.26,1.9603
1,0,2017,214.26,3.9746
2,0,2017,214.26,4.4284
1,0,2014,176.75,11.614
2,0,2014,176.75,11.4592
3,0,2014,176.75,9.2845
4,0,2014,176.75,6.7408
1,0,2015,176.75,5.4681
2,0,2015,176.75,3.5646
3,0,2015,176.75,3.0155
4,0,2015,176.75,1.3273
1,0,2016,176.75,0.9002
2,0,2016,176.75,0.5654
3,0,2016,176.75,0.6634
4,0,2016,176.75,2.3106
1,0,2017,176.75,1.6808
2,0,2017,176.75,1.9784
1,1,2014,144.64,8.772
2,1,2014,144.64,7.2116
3,1,2014,144.64,3.1392
4,1,2014,144.64,2.3829
1,1,2015,144.64,-5.3282
2,1,2015,144.64,-6.676
3,1,2015,144.64,-6.2162
4,1,2015,144.64,-9.3725
1,0,2016,144.64,-5.2956
2,0,2016,144.64,-3.8297
3,0,2016,144.64,0.1185
4,0,2016,144.64,2.2161
1,0,2017,144.64,3.9139
2,0,2017,144.64,4.0633
1,1,2014,127.37,13.7155
2,1,2014,127.37,13.4244
3,1,2014,127.37,5.7536
4,1,2014,127.37,3.0126
1,1,2015,127.37,3.437
2,1,2015,127.37,1.821
3,1,2015,127.37,5.8777
4,1,2015,127.37,4.3342
1,0,2016,127.37,3.3477
2,0,2016,127.37,3.9121
3,0,2016,127.37,6.8522
4,0,2016,127.37,7.4288
1,0,2017,127.37,7.2017
2,0,2017,127.37,7.8454
1,1,2014,113.16,16.9565
2,1,2014,113.16,17.3492
3,1,2014,113.16,14.0664
4,1,2014,113.16,12.4157
1,1,2015,113.16,11.0827
2,1,2015,113.16,8.6429
3,1,2015,113.16,5.6394
4,1,2015,113.16,4.3772
1,0,2016,113.16,-4.1849
2,0,2016,113.16,-6.2339
3,0,2016,113.16,-4.3983
4,0,2016,113.16,-5.026
1,0,2017,113.16,0.431
2,0,2017,113.16,1.3348
1,1,2014,90.61,12.107000000000001
2,1,2014,90.61,11.4489
3,1,2014,90.61,7.9987
4,1,2014,90.61,5.506
1,1,2015,90.61,6.2148
2,1,2015,90.61,3.3960000000000004
3,1,2015,90.61,5.0917
4,1,2015,90.61,5.357
1,0,2016,90.61,3.8398
2,0,2016,90.61,5.1336
3,0,2016,90.61,6.6608
4,0,2016,90.61,8.0065
1,0,2017,90.61,7.6777
2,0,2017,90.61,7.8765
1,1,2014,80.02,9.027999999999999
2,1,2014,80.02,5.0294
3,1,2014,80.02,2.1888
4,1,2014,80.02,1.3084
1,1,2015,80.02,0.10800000000000001
2,1,2015,80.02,-4.0479
3,1,2015,80.02,-15.2334
4,1,2015,80.02,-17.5905
1,0,2016,80.02,-18.844
2,0,2016,80.02,-19.2712
3,0,2016,80.02,-2.6979
4,0,2016,80.02,0.5624
1,0,2017,80.02,1.5049
2,0,2017,80.02,3.4505
1,0,2014,78.25,17.6666
2,0,2014,78.25,17.6619
3,0,2014,78.25,13.2095
4,0,2014,78.25,9.8514
1,0,2015,78.25,5.3072
2,0,2015,78.25,-2.0445
3,0,2015,78.25,-9.6604
4,0,2015,78.25,-14.0618
1,0,2016,78.25,-16.3897
2,0,2016,78.25,-17.4919
3,0,2016,78.25,-9.6741
4,0,2016,78.25,-4.1912
1,0,2017,78.25,-11.5848
2,0,2017,78.25,-7.4066
1,1,2014,74.32,18.6248
2,1,2014,74.32,12.937999999999999
3,1,2014,74.32,5.9487
4,1,2014,74.32,-10.1046
1,0,2015,74.32,-10.8777
2,0,2015,74.32,-10.2919
3,0,2015,74.32,-10.1958
4,0,2015,74.32,1.0986
1,0,2016,74.32,-2.6247
2,0,2016,74.32,-2.955
3,0,2016,74.32,-7.7793
4,0,2016,74.32,-6.2655
1,0,2017,74.32,-1.8647
2,0,2017,74.32,-1.9833
1,1,2014,71.37,17.9566
2,1,2014,71.37,12.8413
3,1,2014,71.37,11.5961
4,1,2014,71.37,10.4451
1,1,2015,71.37,8.9562
2,1,2015,71.37,12.8076
3,1,2015,71.37,12.3307
4,1,2015,71.37,10.5477
1,0,2016,71.37,8.717
2,0,2016,71.37,5.9524
3,0,2016,71.37,5.7789
4,0,2016,71.37,5.6127
1,0,2017,71.37,4.8788
1,1,2014,70.96,5.7308
2,1,2014,70.96,3.3089
3,1,2014,70.96,-6.5735
4,1,2014,70.96,-6.5781
1,1,2015,70.96,-7.8087
2,1,2015,70.96,-7.7677
3,1,2015,70.96,-12.3624
4,1,2015,70.96,-14.6223
1,0,2016,70.96,-14.3698
2,0,2016,70.96,-19.7722
3,0,2016,70.96,-5.8713
4,0,2016,70.96,-3.5079
1,0,2017,70.96,-3.4651
1,0,2014,70.32,14.2047
2,0,2014,70.32,13.1496
3,0,2014,70.32,1.5778
4,0,2014,70.32,-2.5712
1,0,2015,70.32,-5.8597
2,0,2015,70.32,-16.5319
3,0,2015,70.32,-26.4007
4,0,2015,70.32,-25.9969
1,0,2016,70.32,-27.8283
2,0,2016,70.32,-21.005
3,0,2016,70.32,-2.504
4,0,2016,70.32,-2.3848
1,0,2017,70.32,0.512
2,0,2017,70.32,2.5369
1,1,2014,69.98,20.1907
2,1,2014,69.98,15.9799
3,1,2014,69.98,9.6926
4,1,2014,69.98,3.6832
1,1,2015,69.98,1.5931
2,1,2015,69.98,-0.2871
3,1,2015,69.98,-8.8228
4,1,2015,69.98,-8.5333
1,1,2016,69.98,-9.7975
2,1,2016,69.98,-10.4334
3,1,2016,69.98,3.5964
4,1,2016,69.98,4.7959
1,0,2017,69.98,5.8139
1,0,2014,60.23,18.3463
2,0,2014,60.23,18.7002
3,0,2014,60.23,16.7522
4,0,2014,60.23,14.8815
1,0,2015,60.23,14.2176
2,0,2015,60.23,13.8988
3,0,2015,60.23,13.1455
4,0,2015,60.23,12.4317
1,0,2016,60.23,12.2046
2,0,2016,60.23,12.0963
3,0,2016,60.23,11.8705
4,0,2016,60.23,11.9547
1,0,2017,60.23,12.2016
1,1,2014,56.97,19.3843
2,1,2014,56.97,18.6056
3,1,2014,56.97,16.8691
4,1,2014,56.97,16.9953
1,1,2015,56.97,18.3947
2,1,2015,56.97,18.755
3,1,2015,56.97,17.7305
4,1,2015,56.97,17.9932
1,0,2016,56.97,19.3916
2,0,2016,56.97,21.1881
3,0,2016,56.97,19.8387
4,0,2016,56.97,20.1842
1,0,2017,56.97,20.8814
1,1,2014,47.74,9.3341
2,1,2014,47.74,7.3585
3,1,2014,47.74,6.5207
4,1,2014,47.74,2.0903
1,1,2015,47.74,3.3317
2,1,2015,47.74,0.231
3,1,2015,47.74,-4.9478
4,1,2015,47.74,-3.3441
1,1,2016,47.74,-6.6738
2,1,2016,47.74,-4.9434
3,1,2016,47.74,1.0374
4,1,2016,47.74,3.4822
1,0,2017,47.74,6.0667
2,0,2017,47.74,8.0735
1,0,2014,44.15,15.5017
2,0,2014,44.15,18.729
3,0,2014,44.15,17.5997
4,0,2014,44.15,12.4452
1,0,2015,44.15,8.1072
2,0,2015,44.15,-24.4847
3,0,2015,44.15,-29.5183
4,0,2015,44.15,-32.3105
1,0,2016,44.15,-34.7604
2,0,2016,44.15,-9.8764
3,0,2016,44.15,-8.1463
4,0,2016,44.15,-4.5295
1,0,2017,44.15,-2.1633
2,1,2015,42.36,12.2288
4,1,2015,42.36,13.2344
2,0,2016,42.36,11.8152
4,0,2016,42.36,12.0638
2,0,2017,42.36,12.3393
1,1,2014,41.76,9.1959
2,1,2014,41.76,7.1569
3,0,2016,41.76,6.4188
4,0,2016,41.76,6.9471
1,0,2017,41.76,9.232999999999999
1,0,2014,41.03,19.3652
2,0,2014,41.03,23.9895
3,0,2014,41.03,23.4522
4,0,2014,41.03,15.2476
1,0,2015,41.03,10.0175
2,0,2015,41.03,1.6678
3,0,2015,41.03,-4.2296
4,0,2015,41.03,-17.0594
1,0,2016,41.03,-44.8641
2,0,2016,41.03,-44.9025
3,0,2016,41.03,-46.3431
4,0,2016,41.03,-30.8021
1,0,2017,41.03,-1.5763
2,0,2017,41.03,2.2435
1,0,2014,39.34,-14.605
2,0,2014,39.34,-9.884
3,0,2014,39.34,-8.4219
4,0,2014,39.34,-13.263
1,0,2015,39.34,-14.0929
2,0,2015,39.34,-33.6057
3,0,2015,39.34,-41.1443
4,0,2015,39.34,-31.8438
1,0,2016,39.34,-37.6943
2,0,2016,39.34,-28.5768
3,0,2016,39.34,-24.5935
4,0,2016,39.34,-20.0578
1,0,2017,39.34,-18.3185
2,0,2017,39.34,-16.6966
1,1,2014,35.36,12.6434
2,1,2014,35.36,11.7563
3,1,2014,35.36,14.3754
4,1,2014,35.36,11.1594
1,1,2015,35.36,5.7459
2,1,2015,35.36,1.5518
3,1,2015,35.36,-2.2640000000000002
4,1,2015,35.36,-1.7686
1,1,2016,35.36,-1.5764
2,1,2016,35.36,-2.4055
3,1,2016,35.36,-0.7605
4,1,2016,35.36,0.5471
1,0,2017,35.36,5.4627
1,0,2014,34.76,6.6035
2,0,2014,34.76,7.8764
1,1,2014,34.73,19.9964
2,1,2014,34.73,20.7076
3,1,2014,34.73,18.0007
4,1,2014,34.73,15.1389
1,1,2015,34.73,9.7023
2,1,2015,34.73,7.4264
3,1,2015,34.73,4.883
4,1,2015,34.73,2.6057
1,1,2016,34.73,1.3048
2,1,2016,34.73,3.4915
3,1,2016,34.73,8.9378
4,1,2016,34.73,10.6845
1,0,2017,34.73,11.2456
2,0,2017,34.73,8.4525
1,1,2014,34.53,15.1154
2,1,2014,34.53,8.4034
3,1,2014,34.53,12.3913
4,1,2014,34.53,3.957
1,1,2015,34.53,1.9884
2,1,2015,34.53,-2.9467
3,1,2015,34.53,-0.3267
4,1,2015,34.53,12.5337
1,1,2016,34.53,10.2739
2,1,2016,34.53,14.4858
3,1,2016,34.53,13.3967
4,1,2016,34.53,3.6042
1,0,2017,34.53,5.5859
2,0,2017,34.53,8.4653
1,1,2014,33.3,36.4914
2,1,2014,33.3,30.7414
4,1,2014,33.3,10.6116
1,1,2015,33.3,12.3413
2,1,2015,33.3,7.9269
3,1,2015,33.3,18.3505
4,1,2015,33.3,32.9644
1,0,2016,33.3,32.0195
2,0,2016,33.3,42.4881
3,0,2016,33.3,47.9873
4,0,2016,33.3,33.6867
1,0,2017,33.3,26.7671
2,0,2017,33.3,26.3411
1,0,2014,31.6,11.8603
2,0,2014,31.6,11.8888
3,0,2014,31.6,11.6584
4,0,2014,31.6,10.6532
1,0,2015,31.6,9.4041
2,0,2015,31.6,6.8047
3,0,2015,31.6,-4.1483
4,0,2015,31.6,-6.7699
1,0,2016,31.6,-9.7246
2,0,2016,31.6,-19.5544
3,0,2016,31.6,-15.9087
4,0,2016,31.6,-15.9532
1,0,2017,31.6,-15.1176
2,0,2017,31.6,-6.484
1,0,2014,31.43,3.7822
2,0,2014,31.43,-1.301
3,0,2014,31.43,-18.2125
4,0,2014,31.43,-37.9054
1,0,2015,31.43,-48.2619
2,0,2015,31.43,-71.2236
3,0,2015,31.43,-80.8219
4,0,2015,31.43,-80.8472
1,0,2016,31.43,-77.3517
2,0,2016,31.43,-64.3568
3,0,2016,31.43,-19.8924
4,0,2016,31.43,-19.5168
1,0,2017,31.43,-0.057
2,0,2017,31.43,9.8813
1,1,2014,30.75,10.5202
2,1,2014,30.75,10.2332
3,1,2014,30.75,10.3976
4,1,2014,30.75,10.1648
1,1,2015,30.75,10.3051
2,1,2015,30.75,9.8487
3,1,2015,30.75,-8.064
4,1,2015,30.75,-8.9679
1,1,2016,30.75,-9.4132
2,1,2016,30.75,-11.4441
3,1,2016,30.75,0.7007
4,1,2016,30.75,3.0111
1,0,2017,30.75,6.0057
1,0,2014,30.05,-90.6524
2,0,2014,30.05,-15.6435
3,0,2014,30.05,-22.1276
4,0,2014,30.05,-26.7612
1,0,2015,30.05,-29.4583
2,0,2015,30.05,-15.4023
3,0,2015,30.05,-4.1078
4,0,2015,30.05,15.6394
1,0,2016,30.05,23.3099
2,0,2016,30.05,-2.5527
3,0,2016,30.05,-38.9691
4,0,2016,30.05,-81.3183
1,0,2017,30.05,-159.4313
1,1,2014,30.02,2.2489
2,1,2014,30.02,1.9609
3,1,2014,30.02,5.8465
4,1,2014,30.02,5.2749
1,1,2015,30.02,4.6377
2,1,2015,30.02,2.7283
3,1,2015,30.02,-4.9512
4,1,2015,30.02,-5.7891
1,0,2016,30.02,-6.0805
2,0,2016,30.02,-3.7367
3,0,2016,30.02,5.845
4,0,2016,30.02,6.7123
1,0,2017,30.02,7.3569
1,1,2014,28.86,9.8431
2,1,2014,28.86,9.9963
3,1,2014,28.86,6.287000000000001
4,1,2014,28.86,3.8246
1,1,2015,28.86,1.271
2,1,2015,28.86,-23.9817
3,1,2015,28.86,-21.738000000000003
4,1,2015,28.86,-25.5943
1,1,2016,28.86,-27.7126
2,1,2016,28.86,3.8898
3,1,2016,28.86,5.46
4,1,2016,28.86,8.8528
1,0,2017,28.86,9.6258
2,0,2017,28.86,1.6047
1,0,2014,27.09,5.8931
2,0,2014,27.09,27.0938
3,0,2014,27.09,30.9948
4,0,2014,27.09,31.8678
1,0,2015,27.09,26.0275
2,0,2015,27.09,4.0809
3,0,2015,27.09,-7.4639999999999995
4,0,2015,27.09,-9.9547
1,0,2016,27.09,-18.9842
2,0,2016,27.09,-18.1269
3,0,2016,27.09,-7.8584
4,0,2016,27.09,0.1981
1,0,2017,27.09,7.6127
2,0,2017,27.09,7.2789
1,0,2014,25.74,15.8191
2,0,2014,25.74,19.3849
3,0,2014,25.74,18.088
4,0,2014,25.74,18.5111
1,0,2015,25.74,21.7406
2,0,2015,25.74,23.1499
3,0,2015,25.74,19.3671
4,0,2015,25.74,16.9973
1,0,2016,25.74,14.1997
2,0,2016,25.74,10.6577
3,0,2016,25.74,11.2895
4,0,2016,25.74,10.3703
1,0,2017,25.74,9.0521
1,0,2014,25.03,15.2095
2,0,2014,25.03,17.7017
3,0,2014,25.03,9.8753
4,0,2014,25.03,6.732
1,0,2015,25.03,0.19399999999999998
2,0,2015,25.03,-5.4541
3,0,2015,25.03,-14.6955
4,0,2015,25.03,-15.2651
1,0,2016,25.03,-14.8547
2,0,2016,25.03,-15.2289
3,0,2016,25.03,-37.025
4,0,2016,25.03,-35.6828
1,0,2017,25.03,-36.9477
2,0,2017,25.03,-39.1048
1,0,2014,24.84,7.162000000000001
2,0,2014,24.84,7.2689
3,0,2014,24.84,9.4612
4,0,2014,24.84,4.5045
1,0,2015,24.84,1.4608
2,0,2015,24.84,-1.5382
3,0,2015,24.84,-11.2648
4,0,2015,24.84,-14.2404
1,0,2016,24.84,-19.5187
2,0,2016,24.84,-21.9278
3,0,2016,24.84,-18.9128
4,0,2016,24.84,-13.5732
1,0,2017,24.84,-8.8125
2,0,2017,24.84,-3.7649
1,0,2014,24.46,16.4881
2,0,2014,24.46,21.659000000000002
3,0,2014,24.46,23.2753
4,0,2014,24.46,29.6375
1,0,2015,24.46,28.6035
2,0,2015,24.46,29.9317
3,0,2015,24.46,23.7535
4,0,2015,24.46,16.1716
1,0,2016,24.46,15.405999999999999
2,0,2016,24.46,8.8267
3,0,2016,24.46,8.7632
4,0,2016,24.46,9.2638
1,0,2017,24.46,6.7749
2,0,2017,24.46,12.4824
1,0,2014,23.8,15.2721
2,0,2014,23.8,14.0937
3,0,2014,23.8,8.51
4,0,2014,23.8,7.4018
1,0,2015,23.8,6.4086
2,0,2015,23.8,-0.6313
3,0,2015,23.8,2.7831
4,0,2015,23.8,2.8836
1,0,2016,23.8,3.0192
2,0,2016,23.8,10.4586
3,0,2016,23.8,12.8898
4,0,2016,23.8,15.4078
1,0,2017,23.8,16.2195
1,0,2014,23.71,-16.2463
2,0,2014,23.71,-11.87
3,0,2014,23.71,12.1056
4,0,2014,23.71,9.4568
1,0,2015,23.71,6.6481
2,0,2015,23.71,9.7277
3,0,2015,23.71,-3.127
4,0,2015,23.71,-4.9948
1,0,2016,23.71,-5.3961
2,0,2016,23.71,-11.7125
3,0,2016,23.71,-5.9344
4,0,2016,23.71,-3.3152
1,0,2017,23.71,1.5923
2,0,2017,23.71,1.1607
1,0,2014,23.49,7.8142
2,0,2014,23.49,10.2973
3,0,2014,23.49,7.5693
4,0,2014,23.49,-12.1223
1,0,2015,23.49,-31.6167
2,0,2015,23.49,-61.262
3,0,2015,23.49,-101.1543
4,0,2015,23.49,-114.0247
1,0,2016,23.49,-125.6222
2,0,2016,23.49,-94.0764
3,0,2016,23.49,-51.0789
4,0,2016,23.49,4.6754
1,0,2017,23.49,39.0261
2,0,2017,23.49,23.6873
1,0,2014,22.78,29.9564
2,0,2014,22.78,32.9066
3,0,2014,22.78,72.2158
4,0,2014,22.78,74.6613
1,0,2015,22.78,162.3269
1,0,2014,22.33,13.8291
2,0,2014,22.33,13.0087
3,0,2014,22.33,15.0927
4,0,2014,22.33,8.0119
1,0,2015,22.33,3.4675
2,0,2015,22.33,-2.4519
3,0,2015,22.33,-11.1389
4,0,2015,22.33,-11.6718
1,0,2016,22.33,-10.7643
2,0,2016,22.33,-8.1658
3,0,2016,22.33,-11.8579
4,0,2016,22.33,-41.8976
1,0,2017,22.33,-42.2017
1,0,2014,21.72,9.4651
2,0,2014,21.72,8.6685
3,0,2014,21.72,2.9077
4,0,2014,21.72,0.1906
1,0,2015,21.72,0.4332
2,0,2015,21.72,-1.0636
3,0,2015,21.72,-8.368
4,0,2015,21.72,-7.3444
1,0,2016,21.72,-9.0896
2,0,2016,21.72,-7.4388
3,0,2016,21.72,-0.212
4,0,2016,21.72,3.1505
1,0,2017,21.72,5.906000000000001
2,0,2017,21.72,6.0097
1,0,2014,20.44,15.86
2,0,2014,20.44,22.98
3,0,2014,20.44,21.91
4,0,2014,20.44,13.71
1,0,2015,20.44,11.27
2,0,2015,20.44,-2.07
3,0,2015,20.44,-7.34
4,0,2015,20.44,-9.02
1,0,2016,20.44,-11.71
2,0,2016,20.44,-12.52
3,0,2016,20.44,-8.91
4,0,2016,20.44,-4.57
1,0,2017,20.44,-3.36
1,1,2014,19.43,11.55
2,1,2014,19.43,11.11
3,1,2014,19.43,7.39
4,1,2014,19.43,-1.61
1,1,2015,19.43,-6.13
2,1,2015,19.43,6.63
3,1,2015,19.43,5.47
4,1,2015,19.43,10.11
1,1,2016,19.43,7.12
2,1,2016,19.43,-10.15
3,1,2016,19.43,-4.25
4,1,2016,19.43,-1.52
1,0,2017,19.43,16.78
1,0,2014,18.66,14.94
2,0,2014,18.66,13.49
3,0,2014,18.66,5.47
4,0,2014,18.66,4.51
1,0,2015,18.66,-0.13
2,0,2015,18.66,-14.62
3,0,2015,18.66,-8.55
4,0,2015,18.66,-9.59
1,0,2016,18.66,-9.1
2,0,2016,18.66,4.34
3,0,2016,18.66,2.71
4,0,2016,18.66,4.63
1,0,2017,18.66,5.96
1,0,2014,18.56,19.99
2,0,2014,18.56,18.7
3,0,2014,18.56,12.1
4,0,2014,18.56,11.83
1,0,2015,18.56,13.5
2,0,2015,18.56,10.25
3,0,2015,18.56,9.87
4,0,2015,18.56,9.71
1,0,2016,18.56,7.26
2,0,2016,18.56,10.18
3,0,2016,18.56,15.9
4,0,2016,18.56,16.7
1,0,2017,18.56,16.41
1,0,2014,18.11,4.68
2,0,2014,18.11,5.39
3,0,2014,18.11,1.71
4,0,2014,18.11,0.25
1,0,2015,18.11,1.58
2,0,2015,18.11,-0.19
3,0,2015,18.11,1.45
4,0,2015,18.11,2.41
1,0,2016,18.11,0.49
2,0,2016,18.11,1.32
3,0,2016,18.11,3.2
4,0,2016,18.11,7.9
1,0,2017,18.11,3.37
1,0,2014,17.55,6.22
2,0,2014,17.55,6.05
3,0,2014,17.55,6.97
4,0,2014,17.55,7.68
1,0,2015,17.55,6.95
2,0,2015,17.55,6.19
3,0,2015,17.55,2.66
4,0,2015,17.55,1.68
1,0,2016,17.55,1.16
2,0,2016,17.55,1.42
3,0,2016,17.55,0.56
4,0,2016,17.55,0.02
1,0,2017,17.55,-0.45
2,0,2017,17.55,-0.09
1,0,2014,17.49,10.16
2,0,2014,17.49,10.93
3,0,2014,17.49,11.18
4,0,2014,17.49,9.09
1,0,2015,17.49,6.72
2,0,2015,17.49,5.72
3,0,2015,17.49,3.82
4,0,2015,17.49,2.39
1,0,2016,17.49,1.74
2,0,2016,17.49,2.6
3,0,2016,17.49,2.64
4,0,2016,17.49,6.87
1,0,2017,17.49,9.88
1,0,2014,17.36,3.95
2,0,2014,17.36,4.01
3,0,2014,17.36,9.52
4,0,2014,17.36,-24.74
1,0,2015,17.36,-75.42
2,0,2015,17.36,-166.35
1,0,2014,17.28,15.92
2,0,2014,17.28,17.22
3,0,2014,17.28,4.81
4,0,2014,17.28,1.7
1,0,2015,17.28,-4.76
2,0,2015,17.28,-10.01
3,0,2015,17.28,-5.49
4,0,2015,17.28,-8.02
1,0,2016,17.28,-9.58
2,0,2016,17.28,-9.45
3,0,2016,17.28,-18.23
4,0,2016,17.28,-9.21
1,0,2017,17.28,-6.37
2,0,2017,17.28,-5.37
1,1,2014,16.93,47.76
2,1,2014,16.93,46.45
3,1,2014,16.93,46.06
4,1,2014,16.93,13.28
1,0,2015,16.93,10.8
2,0,2015,16.93,-8.87
3,0,2015,16.93,-6.6
4,0,2015,16.93,-9.52
1,0,2016,16.93,-10.34
2,0,2016,16.93,1.36
3,0,2016,16.93,-1.29
4,0,2016,16.93,-2.0
1,0,2017,16.93,-6.17
1,0,2014,15.27,11.23
2,0,2014,15.27,-6.09
3,0,2014,15.27,-12.6
4,0,2014,15.27,-18.78
1,0,2015,15.27,-20.6
2,0,2015,15.27,-3.98
3,0,2015,15.27,6.04
4,0,2015,15.27,11.25
1,0,2016,15.27,9.34
2,0,2016,15.27,8.48
3,0,2016,15.27,4.96
4,0,2016,15.27,4.0
1,0,2017,15.27,-7.99
1,0,2014,14.68,19.72
2,0,2014,14.68,19.36
3,0,2014,14.68,22.31
4,0,2014,14.68,16.99
1,0,2015,14.68,-5.76
2,0,2015,14.68,-63.47
3,0,2015,14.68,-178.92
1,0,2014,14.6,46.57
2,0,2014,14.6,50.02
3,0,2014,14.6,51.64
4,0,2014,14.6,43.09
1,0,2015,14.6,44.36
2,0,2015,14.6,45.47
3,0,2015,14.6,42.11
4,0,2015,14.6,43.08
1,0,2016,14.6,43.36
2,0,2016,14.6,39.53
3,0,2016,14.6,39.03
4,0,2016,14.6,39.41
1,0,2017,14.6,40.31
1,0,2014,14.26,12.53
2,0,2014,14.26,12.43
3,0,2014,14.26,8.98
4,0,2014,14.26,8.18
1,0,2015,14.26,5.58
2,0,2015,14.26,4.28
3,0,2015,14.26,1.76
4,0,2015,14.26,-1.6
1,0,2016,14.26,-6.19
2,0,2016,14.26,-7.05
3,0,2016,14.26,-8.28
4,0,2016,14.26,-5.12
1,0,2017,14.26,0.08
2,0,2017,14.26,0.6
1,0,2014,14.08,9.3
2,0,2014,14.08,13.62
3,0,2014,14.08,21.44
4,0,2014,14.08,21.04
1,0,2015,14.08,10.46
2,0,2015,14.08,-3.6
3,0,2015,14.08,-22.96
4,0,2015,14.08,-27.11
1,0,2016,14.08,-32.21
2,0,2016,14.08,-15.97
3,0,2016,14.08,-12.77
4,0,2016,14.08,-6.24
1,0,2017,14.08,0.91
2,0,2017,14.08,-0.89
1,1,2014,13.5,5.35
2,1,2014,13.5,39.47
3,1,2014,13.5,45.74
4,1,2014,13.5,21.27
1,1,2015,13.5,-4.27
2,1,2015,13.5,-53.71
3,1,2015,13.5,-65.17
4,1,2015,13.5,-51.09
1,1,2016,13.5,-44.45
2,1,2016,13.5,-19.69
3,1,2016,13.5,-15.36
4,1,2016,13.5,-2.23
1,0,2017,13.5,13.65
1,1,2014,13.37,2.28
2,1,2014,13.37,3.97
3,1,2014,13.37,5.45
4,1,2014,13.37,4.67
1,1,2015,13.37,0.93
2,1,2015,13.37,-3.53
3,1,2015,13.37,-8.58
4,1,2015,13.37,-9.17
1,1,2016,13.37,-8.85
2,1,2016,13.37,-7.78
3,1,2016,13.37,-9.46
4,1,2016,13.37,-7.45
1,0,2017,13.37,-4.33
2,0,2017,13.37,-5.98
1,0,2014,13.19,12.63
2,0,2014,13.19,13.75
3,0,2014,13.19,15.59
4,0,2014,13.19,16.15
1,0,2015,13.19,14.13
2,0,2015,13.19,13.67
3,0,2015,13.19,11.0
1,1,2014,12.56,4.48
2,1,2014,12.56,2.21
3,1,2014,12.56,-3.58
4,1,2014,12.56,-4.51
1,1,2015,12.56,-3.62
2,1,2015,12.56,-2.67
3,1,2015,12.56,2.5
4,1,2015,12.56,2.11
1,0,2016,12.56,1.22
2,0,2016,12.56,2.25
3,0,2016,12.56,3.68
4,0,2016,12.56,7.63
1,0,2017,12.56,8.57
2,0,2017,12.56,10.41
1,0,2014,12.07,12.06
2,0,2014,12.07,10.25
3,0,2014,12.07,10.34
4,0,2014,12.07,7.91
1,0,2015,12.07,7.03
2,0,2015,12.07,7.34
3,0,2015,12.07,3.17
4,0,2015,12.07,4.81
1,0,2016,12.07,5.53
2,0,2016,12.07,5.98
3,0,2016,12.07,10.41
4,0,2016,12.07,10.78
1,0,2014,11.56,-1.25
2,0,2014,11.56,-0.81
3,0,2014,11.56,-37.22
4,0,2014,11.56,-36.2
1,0,2015,11.56,-24.07
2,0,2015,11.56,-24.83
3,0,2015,11.56,-21.83
4,0,2015,11.56,-23.09
1,0,2016,11.56,-17.21
2,0,2016,11.56,-19.26
3,0,2016,11.56,11.86
4,0,2016,11.56,9.07
1,0,2017,11.56,0.63
2,0,2017,11.56,-0.73
1,0,2014,11.44,11.67
2,0,2014,11.44,10.19
3,0,2014,11.44,5.25
4,0,2014,11.44,4.16
1,0,2015,11.44,1.67
2,0,2015,11.44,-7.72
3,0,2015,11.44,-13.62
4,0,2015,11.44,-11.65
1,0,2016,11.44,-17.16
2,0,2016,11.44,-13.75
3,0,2016,11.44,-16.21
4,0,2016,11.44,-17.97
1,0,2017,11.44,-12.73
2,0,2017,11.44,-4.24
1,1,2014,10.75,12.15
2,1,2014,10.75,11.49
3,1,2014,10.75,10.25
4,1,2014,10.75,10.39
1,1,2015,10.75,-0.21
2,1,2015,10.75,0.53
3,1,2015,10.75,1.01
4,1,2015,10.75,1.59
1,0,2016,10.75,11.21
2,0,2016,10.75,11.39
3,0,2016,10.75,6.02
1,0,2014,10.68,1.61
2,0,2014,10.68,-0.7
3,0,2014,10.68,-3.82
4,0,2014,10.68,-2.46
1,0,2015,10.68,1.46
2,0,2015,10.68,2.85
3,0,2015,10.68,5.21
4,0,2015,10.68,6.81
1,0,2016,10.68,6.79
2,0,2016,10.68,7.94
3,0,2016,10.68,10.0
4,0,2016,10.68,11.68
1,0,2017,10.68,9.43
1,0,2014,10.52,19.45
2,0,2014,10.52,22.21
3,0,2014,10.52,16.86
4,0,2014,10.52,15.4
1,0,2015,10.52,18.85
2,0,2015,10.52,19.84
3,0,2015,10.52,27.0
4,0,2015,10.52,26.67
1,0,2016,10.52,26.11
2,0,2016,10.52,17.34
3,0,2016,10.52,21.23
4,0,2016,10.52,18.01
1,0,2017,10.52,17.44
1,0,2014,10.33,7.36
2,0,2014,10.33,7.0
3,0,2014,10.33,10.55
4,0,2014,10.33,8.92
1,0,2015,10.33,6.55
2,0,2015,10.33,-18.13
3,0,2015,10.33,-32.72
4,0,2015,10.33,-36.62
1,0,2016,10.33,-36.49
2,0,2016,10.33,-14.38
3,0,2016,10.33,-5.4
4,0,2016,10.33,-0.37
1,0,2017,10.33,-0.77
1,0,2014,10.26,5.69
2,0,2014,10.26,11.62
3,0,2014,10.26,11.83
4,0,2014,10.26,9.11
1,0,2015,10.26,5.93
2,0,2015,10.26,3.45
3,0,2015,10.26,1.05
4,0,2015,10.26,-15.8
1,0,2016,10.26,-18.73
2,0,2016,10.26,-20.08
3,0,2016,10.26,-20.08
4,0,2016,10.26,2.76
1,0,2017,10.26,8.47
2,0,2017,10.26,7.05
1,1,2014,10.13,12.01
3,1,2014,10.13,-5.23
1,1,2015,10.13,-31.91
3,1,2015,10.13,-21.18
1,0,2016,10.13,3.23
3,0,2016,10.13,-50.05
1,0,2017,10.13,-37.91
1,0,2014,9.94,22.85
3,0,2014,9.94,23.65
1,0,2015,9.94,16.46
3,0,2015,9.94,7.7
1,0,2016,9.94,3.25
3,0,2016,9.94,-18.73
1,0,2017,9.94,-17.85
1,0,2014,9.31,-0.06
2,0,2014,9.31,0.01
3,0,2014,9.31,5.13
4,0,2014,9.31,5.51
1,0,2015,9.31,2.15
2,0,2015,9.31,3.31
3,0,2015,9.31,-2.24
4,0,2015,9.31,-3.66
1,0,2016,9.31,0.8
2,0,2016,9.31,-13.27
3,0,2016,9.31,-11.73
4,0,2016,9.31,-11.09
1,0,2017,9.31,-11.45
1,0,2014,9.04,17.46
2,0,2014,9.04,15.36
3,0,2014,9.04,15.18
4,0,2014,9.04,15.55
1,0,2015,9.04,14.78
2,0,2015,9.04,12.48
3,0,2015,9.04,8.55
4,0,2015,9.04,4.75
1,0,2016,9.04,2.04
2,0,2016,9.04,-0.25
3,0,2016,9.04,-1.24
4,0,2016,9.04,-2.36
1,0,2017,9.04,-3.94
2,0,2017,9.04,-4.01
1,0,2014,8.89,7.66
2,0,2014,8.89,9.3
3,0,2014,8.89,10.39
4,0,2014,8.89,11.54
1,0,2015,8.89,14.68
2,0,2015,8.89,15.15
3,0,2015,8.89,18.94
4,0,2015,8.89,15.22
1,0,2016,8.89,0.9
2,0,2016,8.89,-1.47
3,0,2016,8.89,-5.26
4,0,2016,8.89,-6.78
1,0,2017,8.89,3.0
1,0,2014,8.8,15.34
2,0,2014,8.8,17.23
3,0,2014,8.8,14.92
4,0,2014,8.8,11.84
1,0,2015,8.8,12.34
2,0,2015,8.8,9.77
3,0,2015,8.8,4.74
4,0,2015,8.8,3.22
1,0,2016,8.8,0.37
2,0,2016,8.8,-31.85
3,0,2016,8.8,-23.61
4,0,2016,8.8,-23.18
1,0,2017,8.8,-21.43
1,1,2014,8.75,16.8
2,1,2014,8.75,13.36
3,1,2014,8.75,9.97
4,1,2014,8.75,2.24
1,1,2015,8.75,-4.54
2,1,2015,8.75,-10.83
1,1,2014,8.11,8.07
2,1,2014,8.11,8.1
3,1,2014,8.11,10.96
4,1,2014,8.11,9.64
1,1,2015,8.11,4.18
2,1,2015,8.11,-4.98
3,1,2015,8.11,-9.88
4,1,2015,8.11,-7.57
1,1,2016,8.11,-7.97
2,1,2016,8.11,-0.61
3,1,2016,8.11,5.86
4,1,2016,8.11,7.99
1,0,2017,8.11,13.21
1,0,2014,7.9,7.93
2,0,2014,7.9,9.95
3,0,2014,7.9,12.44
4,0,2014,7.9,9.57
1,0,2015,7.9,6.65
2,0,2015,7.9,-0.11
3,0,2015,7.9,-23.6
4,0,2015,7.9,-25.29
1,0,2016,7.9,-27.85
2,0,2016,7.9,-25.22
3,0,2016,7.9,-10.15
4,0,2016,7.9,-6.98
1,0,2017,7.9,-19.35
2,0,2017,7.9,-19.61
1,0,2014,7.86,11.32
2,0,2014,7.86,10.12
3,0,2014,7.86,0.03
4,0,2014,7.86,-1.02
1,0,2015,7.86,-1.98
2,0,2015,7.86,0.55
3,0,2015,7.86,7.48
4,0,2015,7.86,6.36
1,0,2016,7.86,8.44
2,0,2016,7.86,2.95
3,0,2016,7.86,-15.17
4,0,2016,7.86,-22.05
1,0,2017,7.86,-28.11
1,0,2014,7.21,4.73
2,0,2014,7.21,-0.79
3,0,2014,7.21,-5.44
4,0,2014,7.21,-1.9
1,0,2015,7.21,4.6
2,0,2015,7.21,5.92
3,0,2015,7.21,11.88
4,0,2015,7.21,15.29
1,0,2016,7.21,14.39
2,0,2016,7.21,18.08
3,0,2016,7.21,19.82
4,0,2016,7.21,19.14
1,0,2017,7.21,12.42
