Company,Country (Incorporated),Transparent,State Owned,Ethiscore,US (NYSE/NASDAQ/AMEX),EU Transparency Directive,Accounting Directive ,Norway (Bors/Axess),Toronto (TSX/Venture),Australia (ASX),South Africa (JSE),Hong Kong (HKE),2014 Market Cap ($),P/E 2010,P/E 2011,P/E 2012,P/E 2013,P/E 2014,P/E 2015,P/E 2016,P/E Q3.2017,ROE 2010,ROE 2011,ROE 2012,ROE 2013,ROE 2014,ROE 2015,ROE 2016,ROE Q3.2017,ROIC 2010,ROIC 2011,ROIC 2012,ROIC 2013,ROIC 2014,ROIC 2015,ROIC 2016,ROIC Q3.2017,start
Bhp Billiton Ltd-spon Adr,Australia,Yes,,5.5,Yes,Yes - London (LSE),,,,Yes,Yes (Main),,"169,280,000,000",10.0823,11.3901,17.0687,12.3557,34.2136,20.1199,16.3377,,44.921,25.1435,16.4395,18.4661,2.6544,-10.7259,10.5605,,34.7872,18.7246,13.0208,13.6323,2.7946,-5.6642,7.2071,,2015
Rio Tinto Plc,Great Britain,Yes,,8.5,Yes,"Yes - Brussels, London (LSE)",Yes,,,Yes,,,"98,040,000,000",9.5689,15.9689,18.8249,28.4686,13.2379,8.2255,15.1778,,27.8963,10.5176,-6.1115,7.9296,14.1628,-2.0709,12.0487,,21.3519,8.9676,-2.9939,1.6214,8.9098,-1.1121,8.6144,,2015
Vale Sa,Brazil,Yes,,,Yes,Yes - Spain (Latibex),,,,,,Yes (Main),"70,190,000,000",9.7017,,,1545.2854,118.3071,68.684,,7.6013,28.4621,,,0.0775,0.6476,-31.856,,12.2783,20.9853,,,-0.1406,0.192,-17.7182,,13.138,2015
Glencore-Xstrata ,Jersey,Yes,,7.5,,Yes - London (LSE),,,,,Yes (Main),Yes (Main),"67,000,000,000",,8.4009,40.549,37.1264,25.7332,7.3965,,,26.1733,23.3388,3.3243,-20.002,4.7172,-11.0562,3.2258,,15.5227,10.4148,3.3737,-7.3411,3.2399,-7.2316,2.9199,,2015
China Shenhua Energy Co-a,China,No,Yes,12.5,,,,,,,,Yes (Main),"45,417,000,000",14.1588,12.0844,10.9284,8.4223,9.2979,11.4946,10.4368,6.9104,20.6688,20.8949,20.3425,16.6933,13.6084,5.8951,8.1002,14.9004,16.2434,17.1895,17.1658,14.396,11.8662,6.0135,7.4384,11.9576,0
Freeport-Mcmoran Copper,United States,No,,14,Yes,,,,,,,,"32,120,000,000",12.8912,7.3796,10.3677,14.4353,10.4114,3.0173,30.7461,13.8002,45.5835,32.4025,18.3276,13.816,-6.6699,-93.7086,-59.8602,18.2486,32.0945,28.7394,17.5367,10.6405,-0.7563,-31.2926,-12.316,5.4584,0
Anglo American Plc,Great Britain,Yes,,5.5,,Yes - London (LSE),Yes,,,,Yes (Main),,"29,990,160,000",9.5771,7.2345,6.0331,,,,11.5485,,21.6832,16.8251,-3.833,-2.7742,-8.6524,-26.1667,8.9588,,18.4214,15.6763,-0.0605,1.045,-1.8267,-11.7283,6.3744,,2015
Arcelormittal,Luxembourg,Yes,,13.5,Yes,"Yes - Amsterdam, Paris, Spain(Continuous), Luxembourg",Yes,,,,Yes (Main),,"29,220,000,000",16.7638,15.7866,14.6639,,,,11.9351,7.7005,4.7217,3.7995,-6.4644,-5.3755,-2.364,-23.5933,6.4216,,4.5937,3.9819,-2.3776,-1.5204,0.2845,-13.1521,5.3155,,2015
Nippon Steel and Sumitomo Metal,Japan,No,,14,,,,,,,,,"26,078,650,000",19.7164,20.6674,,13.1984,12.8152,15.2227,17.6196,10.41,5.0307,3.1694,,9.5615,7.569,5.0558,4.5769,7.7159,3.2261,2.1172,,4.9947,4.3861,3.1267,3.0766,4.9919,0
Tenaris Sa,Luxembourg,Yes,,,Yes,Yes - Italy,Yes,,,,,,"25,610,000,000",25.6185,16.3778,,16.7285,15.4355,12.4097,1521.5726,52.2022,11.8704,13.0451,,13.1371,9.2887,-0.6579,0.4808,3.6406,10.2412,12.1779,,12.1956,8.9012,-0.6737,0.5578,3.3783,2015
Coal India Ltd,India,No,Yes,13,,,,,,,,,"25,270,520,000",18.294,12.8414,12.912,12.1214,17.6629,14.5994,20.2977,19.7269,36.7703,40.0942,39.0359,33.2576,33.1733,37.9506,31.2205,,34.7943,38.5114,37.8299,32.7426,32.8994,37.0951,28.9596,,0
Mmc Norilsk Nickel Ojsc,Russia,No,,14,,,,,,,,,"24,370,000,000",16.5964,5.1096,,11.1925,31.2678,,,,21.2425,25.3108,,6.8953,27.8446,49.4934,83.6826,,15.4508,19.8949,,5.5657,15.5219,17.8373,25.5206,,0
Southern Copper Corp,United States,No,,13,Yes,,,,,,,,"23,420,000,000",26.3853,10.8342,15.0825,14.9417,16.7897,27.1087,31.9507,25.8196,40.0215,59.1069,44.0668,31.4312,23.5135,13.3076,13.997,19.3361,28.1287,36.7376,25.9881,18.7221,14.4149,8.1764,8.2642,11.3321,0
Barrick Gold Corp,Canada,Yes,,8,Yes,,,,Yes (TSX),,,,"22,279,659,870",15.9202,10.1798,8.235,11.3344,20.1084,252.5498,30.8798,16.279,20.7442,20.9362,-2.3734,-58.3918,-24.4491,-32.5739,8.668,25.4144,15.0976,13.9846,-1.0845,-29.9049,-8.6287,-11.2743,6.0912,15.5724,2016
Posco-adr,Korea,Yes,,11.5,Yes,Yes - London (LSE),,,,,,,"21,360,000,000",9.1375,,,18.7547,37.0694,90.2439,,12.3556,12.1676,,,3.3327,1.4183,0.3564,,,8.9786,,,2.5991,1.212,-0.721,,,2015
Goldcorp Inc,Canada,Yes,,12,Yes,,,,Yes (TSX),,,,"20,400,000,000",30.6408,22.4861,18.9571,10.7758,135.1242,84.2111,46.9433,30.2244,11.7045,9.2149,7.9522,-12.8203,-11.8395,-27.8986,1.2337,3.7871,11.1658,8.8378,7.6467,-11.753,-10.0075,-22.3053,1.483,3.7414,2016
Nucor Corp,United States,No,,13.5,Yes,,,,,,,,"14,940,000,000",104.3333,15.9648,24.2298,34.1576,21.6244,45.4175,23.619,16.4874,1.8482,10.6638,6.6764,6.3847,9.2611,1.0388,10.3354,13.4586,,8.3342,6.0659,5.8497,7.476,2.6888,8.2578,,0
Fortescue Metals Group Ltd,Australia,No,,14,,,,,,Yes,,,"14,435,728,000",20.3624,8.7455,8.6108,5.904,21.9765,4.314,6.3162,,52.1139,50.3228,38.5984,42.477,4.2006,12.3649,23.1117,,23.1357,19.7002,14.1217,18.2833,4.4072,8.892,16.3116,,0
Antofagasta Plc,Great Britain,Yes,,14,,Yes - London (LSE),Yes,,,,,,"13,821,552,000",23.5545,15.0267,20.4415,20.4042,27.3942,16.3536,68.8667,,18.2776,19.9987,15.589,9.5352,7.1297,9.4884,2.3475,,20.4105,22.3121,17.3782,12.3153,8.5525,6.5842,2.3357,,2015
Teck Resources Ltd-cls B,Canada,Yes,,14,Yes,,,,Yes (TSX),,,,"13,710,000,000",45.3286,9.2329,22.7904,16.2456,20.7184,26.0116,13.8919,5.6127,12.0291,15.9312,5.9671,5.2411,1.9461,-14.1319,6.1449,13.7285,10.5476,13.3434,5.4361,4.4148,1.814,-8.6957,4.5017,9.9962,2016
China Steel Corp-spons Gdr,Taiwan,No,,14,,,,,,,,,"12,997,281,660",11.8375,21.1765,,25.7143,18.3916,36.6327,23.7019,21.8291,14.7611,7.021,,5.6403,7.4389,2.5245,5.363,,9.4811,4.3806,,3.543,4.4851,1.7275,3.6804,,0
Kumba Iron Ore Ltd,South Africa,No,,,,,,,,,Yes (Main),,"12,530,000,000",9.503,9.4109,14.6505,9.2232,6.9901,3.4856,5.8242,,132.3508,112.9694,80.3708,85.647,51.5639,2.3401,36.5529,,106.8112,98.6265,67.8907,74.0974,43.3254,2.6678,30.651,,0
Alcoa Inc,United States,No,,12.5,Yes,,,,,Yes,,,"12,260,000,000",22.666,8.9261,60.6284,23.2059,13.3602,15.8104,20.6639,17.9731,1.9444,4.4542,1.4035,-19.3142,2.2935,-8.443,-5.2994,3.5268,2.9153,4.5565,1.5679,-8.262,1.5189,-3.1851,-1.8012,3.31,0
Gerdau S.A.,Brazil,Yes,,14,Yes,Yes - Spain (Latibex),,,,,,,"11,580,000,000",11.18,,,16.2084,9.7682,4.0701,,,11.2828,,,5.5005,4.4863,-14.2485,,-7.81,9.0296,,,4.9646,4.4646,-6.519,,-2.3587,2015
Jfe Holdings Inc,Japan,No,,14,,,,,,,,,"11,218,740,000",25.5396,12.4447,,14.1005,11.1589,32.8992,14.8544,7.7554,4.0987,-2.5691,,6.2796,7.6548,1.7983,3.7024,8.9447,2.3694,-0.8085,,3.5349,4.4828,1.2888,2.4591,5.4548,0
Newmont Mining Corp,United States,Yes,,12.5,Yes,,,,Yes (TSX),,,,"10,540,000,000",16.8708,13.1221,11.8515,26.0332,18.3574,18.3094,55.5758,31.1503,18.9371,2.7895,13.5663,-21.3246,5.0131,2.0348,-5.6817,0.7644,17.7966,5.599,10.6447,,3.0371,2.0482,-4.0281,-1.3158,2016
First Quantum Minerals Ltd,Canada,Yes,,14,,Yes - London (LSE),,,Yes (TSX),,,,"10,310,000,000",24.9698,16.5991,12.0482,20.428,24.0737,6.3408,29.7299,,11.6557,16.4324,39.3689,6.8966,9.7894,-5.3176,-0.4797,-2.0462,10.5225,16.3307,35.7419,6.8633,8.6063,-1.9656,2.3426,-5.6853,2015
Baoshan Iron & Steel Co-a,China,No,Yes,13.5,,,,,,,,,"10,300,450,560",8.7534,11.5476,8.431,11.6857,20.0286,93,11.5455,10.0833,12.8777,6.9708,9.288,5.259,5.154,0.8319,7.6606,10.9379,8.7201,5.03,6.1211,3.9151,3.7847,0.5701,5.4811,,0
Anglo American Platinum Ltd,South Africa,No,,6.5,,,,,,,Yes (Main),,"9,920,000,000",35.8724,38.9744,32.7473,70.8471,113.3289,60.196,37.0842,,22.9745,6.4749,-12.5765,-2.7482,1.2403,-27.3443,1.5866,,17.5876,6.078,-10.432,-4.3089,1.2478,-19.4612,2.9529,,0
Fresnillo Plc,Great Britain,Yes,,13.5,,Yes - London (LSE),Yes,,,,,,"9,470,000,000",28.0537,18.8403,29.0125,37.5379,81.1908,108.6633,26.0332,,46.0321,50.3554,36.0957,10.6568,4.7683,3.0533,16.9966,,46.5122,51.0546,36.0551,8.6544,4.1601,2.5886,13.2258,,2015
Norsk Hydro Asa,Norway,Yes,,13,,"Yes - Stockholm, London (LSE)",,Yes,,,,,"9,460,000,000",32.0376,7.5586,,,108.8205,33.4646,13.1949,18.6174,3.6879,9.9776,,-1.3176,1.1069,2.726,8.1858,7.9994,4.1922,9.1595,,-0.625,1.6775,2.8538,7.481,7.2289,2014
Polyus Gold Ojsc,Russia,Yes,,,,Yes - London (LSE),,,,,,,"9,100,000,000",59.31,31.8919,,5.7568,,,,,10.8523,17.4901,,3.0749,-21.0154,50.0445,,,11.6521,18.4039,,2.9768,-11.1313,26.1166,35.8747,,2015
Sesa Sterlite Limited,India,No,,,Yes,,,,,,,,"8,820,000,000",6.6819,5.2693,7.4486,9.4105,9.8952,,11.621,14.9217,40.7412,19.3028,13.992,13.9218,-24.6615,-25.0637,10.5457,12.4509,35.8163,17.4949,11.9721,13.5408,-4.6315,-9.281,9.0937,11.5395,0
Novolipetsk Steel-gdr Reg S,Russia,Yes,,14,,Yes - London (LSE),,,,,,,"8,754,370,625",126.1838,9.3123,,13.5815,,,,,13.6472,13.6982,,1.7664,10.2063,16.921,16.378,20.7499,10.4409,9.7676,,1.7801,8.0121,12.2062,12.1472,15.6595,2015
Nmdc Ltd,India,No,Yes,,,,,,,,,,"8,728,725,500",25.3965,14.6673,,8.829,9.0573,13.9885,15.3447,,,,,,20.4031,8.2872,9.829,,,,,,20.3987,8.213,9.5896,,0
Consol Energy Inc,United States,No,,12,Yes,,,,,,,,"8,650,000,000",21.6517,11.5528,55.1918,297.9673,42.7755,9.8431,,,14.663,19.2971,10.2706,14.7419,3.1558,-7.4742,-19.9544,-4.9992,10.9778,12.5657,8.0168,10.4464,4.4026,-2.7409,-9.3601,-1.0325,0
Hindustan Zinc Ltd,India,No,,13.5,,,,,,,,,"8,458,426,900",11.7987,9.1514,8.3344,8.1089,8.8088,7.5659,12.9776,13.6611,24.1064,22.3661,23.326,19.8143,20.2499,20.2507,24.3907,,24.1256,22.3699,23.3436,19.8142,20.2499,20.2742,22.2674,,0
Cameco Corp,Canada,Yes,,14,Yes,,,,Yes (TSX),,,,"8,100,000,000",30.0917,15.879,20.5898,27.9762,31.1984,19.4849,23.1129,45.8422,10.8325,9.3737,5.1376,6.1906,3.4328,1.188,-1.1404,-5.5355,9.8964,8.7895,4.9223,5.5794,3.513,1.6969,-0.0763,-3.5087,2016
Toyota Tsusho Corp,Japan,No,,14,,,,,,,,,"7,889,628,110",10.6099,7.1881,,12.5138,14.6855,14.8936,9.9302,9.702,7.9721,10.6895,,8.4226,6.4392,-1.8607,10.805,13.5901,4.6589,5.2587,,4.6261,3.9306,-0.0378,5.6008,6.7801,0
Silver Wheaton Corp,Canada,Yes,,,Yes,,,,Yes (TSX),,,,"7,780,000,000",89.0988,18.7215,21.8447,19.2215,29.2569,23.4446,31.3704,28.6504,7.6962,22.3763,20.3439,11.6008,5.7132,-4.1659,4.2931,,,,,10.1038,4.4818,-3.105,3.6242,,2016
Jiangxi Copper Co Ltd-a,China,No,,,,,,,,,,Yes (Main),"7,650,679,040",13.6233,7.1635,11.0136,10.6097,12.9846,38.4641,40.3493,25.8486,17.5196,17.9416,12.597,8.1468,6.3173,1.505,1.8179,2.9164,14.4253,14.633,10.0912,6.5823,4.9968,1.7688,2.1526,,0
China Coal Energy Co-a,China,No,Yes,13,,,,,,,,Yes (Main),"7,360,000,000",18.3789,9.063,10.1093,11.7355,389.0683,251.2708,25.3352,,10.4685,12.7165,10.4481,4.36,0.1615,-3.8295,2.0207,,8.9899,10.1729,7.5894,3.491,1.3212,0.5295,3.192,,0
Yamana Gold Inc,Canada,Yes,,14,Yes,,,,Yes (TSX),,,,"7,040,000,000",20.5937,17.5403,25.5463,32.959,15.5218,,14.6282,23.4959,6.7665,7.5709,5.7938,-5.9681,-19.9671,-34.0603,-3.5088,-7.7543,6.51,7.2274,5.3937,-5.52,-15.5654,-24.8805,-1.671,-4.8053,2016
Newcrest Mining Ltd,Australia,No,,14,,,,,,Yes,,,"6,950,652,000",32.7327,20.791,16.0083,,18.1093,21.8363,36.3543,,9.6957,7.7702,-46.5657,-25.4643,5.2114,4.7804,4.2509,,9.7614,7.3867,-36.0744,-16.2494,4.1649,4.3168,4.1162,,0
Cia Siderurgica Nacl-sp Adr,Brazil,Yes,,,Yes,,,,,,,,"6,720,000,000",15.4524,,,41.1877,16.7558,,,,38.2917,,,6.0912,-1.5257,-20.8255,,-2.301,11.4792,,,1.6115,-0.1726,-3.1972,,-4.7089,0
Fosun International,Hong Kong,No,,,,,,,,,,Yes (Main),"6,715,892,700",7.3347,6.2135,6.8653,6.9888,7.9741,9.5518,8.258,,15.5529,11.0322,11.0617,14.7515,15.3958,12.8456,12.2159,,9.3646,7.0465,6.5099,8.1527,8.16,7.2294,6.9475,,0
Severstal,Russia,Yes,,14,,Yes - London (LSE),,,,,,,"6,638,171,254",228.5307,10.5901,,10.5163,29.0971,,,,-7.7103,29.6743,,1.1669,-32.5781,23.9,61.4131,34.9006,-0.3736,19.0238,,2.4792,-15.4448,13.8519,36.1417,21.8905,2015
Randgold Resources Ltd,Jersey,Yes,,14,Yes,Yes - London (LSE),,,,,,,"6,550,000,000",72.1426,24.3159,20.5617,20.7898,26.868,30.0704,29.9974,32.7707,6.0201,19.2734,17.9533,10.1266,7.8624,5.9224,7.3084,7.9809,6.874,21.2897,20.0871,11.1905,8.5899,6.2849,8.1514,9.1074,2015
Impala Platinum Holdings Ltd,South Africa,No,,,,,,,,,Yes (Main),,"6,310,000,000",21.0824,24.4307,50.9726,143.0233,210.5,208.6667,352.25,,14.5323,8.5541,1.9862,0.0153,-7.1493,-0.1321,-16.0055,,13.9638,8.2155,1.9994,-5.6005,-6.3516,0.6025,-12.0542,,0
Hitachi Metals Ltd,Japan,No,,11.5,,,,,,,,,"6,240,528,000",15.4762,16.4926,,12.7237,12.4955,9.3189,13.3874,12.9034,11.0497,8.3432,,15.464,16.8307,14.3534,9.8008,9.9983,6.4697,5.1566,,10.4106,11.5228,9.8349,7.199,7.3698,0
Imerys Sa,France,Yes,,14,,Yes - Paris,Yes,,,,,,"6,082,200,000",15.4443,9.4907,12.4201,19.7531,17.0896,74.907,19.3737,17.7092,12.3646,13.1619,13.1896,10.7927,11.5774,2.6884,10.6364,,9.0062,9.2805,9.403,7.9523,8.0306,2.349,6.9727,,2015
Anglogold Ashanti Ltd,South Africa,Yes,,13,Yes,Yes - London (LSE),,,,Yes,Yes (Main),,"5,710,000,000",139.9245,11.0721,9.9181,58.4187,44.187,,41.1457,,2.6672,33.8595,17.1183,-52.1515,-1.9581,-3.2227,2.449,,3.1427,23.1105,12.3931,-25.1457,-1.7617,-0.5162,2.4881,,2015
Hyundai Steel Co,Korea,Yes,,5.5,,Yes - Luxembourg,,,,,,,"5,648,760,000",11.3254,,,10.5334,9.6212,8.3879,,7.715,12.2709,,,6.0113,5.7046,5.0833,,,7.2624,,,3.9994,4.1261,3.8483,,,2015
Tata Steel Ltd,India,No,,3.5,,,,,,,,,"5,599,819,280",6.867,5.979,7.6407,11.4604,10.7067,5.5726,11.4538,48.1968,30.7559,13.7819,-18.3778,9.6243,-11.411,5.2823,-1.3504,2.5166,12.9558,7.3894,-4.7636,5.0414,-0.9143,2.2129,-3.8506,2.0585,0
Korea Zinc Co Ltd,Korea,No,,,,,,,,,,,"5,436,470,000",8.9038,,,12.5434,14.2268,16.2734,,13.4277,22.442,,,11.1433,11.3712,10.4904,,,18.5435,,,10.4109,10.722,10.0769,,,0
Agnico-eagle Mines Ltd,Canada,Yes,,,Yes,,,,Yes (TSX),,,,"5,420,000,000",46.2447,18.7733,28.9212,40.6497,49.7501,136.7793,130.7949,52.3482,10.3508,-16.5655,9.4029,-22.4134,2.4454,0.5989,3.6793,5.7889,9.5059,-12.511,8.3881,-16.0726,2.3509,0.7829,3.5717,,2016
Ternium Sa-sponsored Adr,Luxembourg,No,,,Yes,,Yes,,,,,,"5,380,000,000",13.6806,7.046,33.6429,13.6087,12.2745,18.3657,7.9592,7.3066,10.2467,8.8259,2.5535,8.5053,-3.9603,0.1862,14.1408,17.9229,9.4327,8.0703,2.847,7.7796,-1.92,1.1232,12.0195,,0
Kinross Gold Corp,Canada,Yes,,14,Yes,,,,Yes (TSX),,,,"5,270,000,000",29.3262,18.2901,9.9337,4.3714,,,30.5701,66.3144,7.5627,-15.4048,-22.5255,-47.1842,-21.4884,-22.5485,-2.5887,,8.4675,-13.386,-18.5928,-35.7344,-14.9706,-14.6026,-0.5968,,2016
Inner Mongolia Baotou Stee-a,China,No,Yes,,,,,,,,,,"5,268,194,560",75.8,51.5,90,132.1559,56.044,50,1073.0769,97.8945,2.3718,3.8675,2.6515,1.3983,5.9409,-9.8131,0.1803,2.6165,3.2551,3.9367,2.7586,1.3256,2.9408,-3.0514,0.2588,,0
Reliance Steel & Aluminum,United States,No,,13,Yes,,,,,,,,"5,240,000,000",19.5785,10.631,11.6585,17.2547,12.8124,12.6609,17.8022,15.0778,7.1583,11.5222,12.0406,8.6533,9.3183,7.7748,7.5482,8.7535,6.5221,9.4497,9.6658,7.0079,6.9582,6.0787,6.1776,6.7846,0
Inner Mongolia Yitai Coal-b,China,No,Yes, N/A,,,,,,,,Yes (Main),"5,050,000,000",13.7077,5.9673,8.2491,10.1969,12.8826,197.22,10.5574,6.6318,43.5882,46.1139,33.7193,16.7816,10.2203,0.4015,8.6025,,25.4869,31.9038,24.7007,12.4231,7.0089,1.7276,4.6993,,0
United Co Rusal Plc,Jersey,Yes,,,,Yes - Paris,,,,,,Yes (Main),"4,929,690,000",8.0713,54.6105,55.2708,,,8.2649,5.4232,8.2535,32.2352,2.155,-4.9645,-38.4446,-2.0712,30.7607,50.2772,,18.6026,3.2833,0.0795,-13.7867,-4.194,9.2771,15.2319,,2015
Usinas Sider Minas Ger-pf A,Brazil,Yes,,,,Yes - Spain (Latibex),,,,,,,"4,920,000,000",13.5692,,,,38.4944,11.8151,,,9.628,,,-0.8504,0.775,-21.4819,,0.0668,7.6679,,,0.7714,1.4894,-14.415,,,2015
Exxaro Resources Ltd,South Africa,No,,,,,,,,,Yes (Main),,"4,780,000,000",9.113,8.0076,12.0628,10.0109,7.5437,9.6368,6.874,,34.3253,37.309,36.9478,19.1022,-2.4971,0.8524,16.0195,,28.4673,32.7099,33.452,17.7612,-1.6481,1.1827,15.118,,0
Aluminum Corp Of China Ltd-a,China,No,Yes,,Yes,,,,,,,Yes (Main),"4,740,000,000",100.1805,137.0805,143.1362,42.1509,57.5614,215.1311,143.1992,57.0728,1.5258,0.4603,-17.2193,2.2123,-44.6147,0.4355,1.0312,4.3392,2.2596,2.6982,-3.586,2.661,-7.0934,2.9268,3.161,,0
Zijin Mining Group Co Ltd-a,China,No,Yes,14,,,,,,,,Yes (Main),"4,710,000,000",18.5229,9.1096,10.2229,12.9575,16.011,21.2411,24.861,18.9915,24.0623,24.3917,19.5946,7.6186,8.4246,5.956,6.6539,8.6119,20.2944,20.1846,15.1836,7.3715,6.9698,3.4343,4.1978,,0
Eldorado Gold Corp,Canada,Yes,, N/A,Yes,,,,Yes (TSX),,,,"4,580,000,000",47.5111,23.7492,27.4232,11.7895,41.3163,20.3504,424.7978,102.2685,7.8903,10.253,6.6486,-11.7179,1.9514,-34.067,-9.5143,-0.6032,8.1081,10.6791,6.2958,-9.6781,1.9111,-30.6409,-8.0175,,2016
Kobe Steel Ltd,Japan,No,,14,,,,,,,,,"4,560,000,000",11.6846,6.6364,,7.9576,8.7778,5.5439,,38.2045,9.9388,-2.6774,,11.8862,11.975,-2.9358,-3.3742,1.7565,5.6091,-0.033,,5.614,6.6845,-1.4734,-0.643,1.5598,0
Peabody Energy Corp,United States,No,,11.5,Yes,,,,,,,,"4,480,000,000",,,,,,,,3.0379,18.2726,18.7822,-11.2743,-11.9111,-23.728,-109.6191,-118.6433,-18.1515,13.8073,11.4408,-2.666,-2.2346,-5.347,-21.2485,-6.7404,0.4992,0
Angang Steel Co Ltd-a,China,No,Yes,,,,,,,,,Yes (Main),"4,390,000,000",35.5236,16.1127,,42.416,41.2785,20.8738,18.5019,10.7863,3.8583,-4.1282,-8.2062,1.6316,1.9574,-10.0871,3.6662,8.534,3.4952,-1.4166,-3.2398,2.1067,2.3026,-4.8139,3.9084,,0
African Rainbow Minerals Ltd,South Africa,No,,13,,,,,,,Yes (Main),,"4,210,000,000",13.2555,10.5882,10.9452,9.9474,14.8194,8.7955,5.8492,,17.2717,15.4823,6.9135,12.9595,0.3984,-2.2903,5.7993,,15.6272,13.9963,6.7237,12.29,0.3642,-1.6485,6.0449,,0
Boliden Ab,Sweden,Yes,,14,,Yes - Stockholm,Yes,,,,,,"4,020,000,000",9.4471,8.1114,,20.8581,18.0836,14.8083,15.3583,11.7219,22.5478,16.997,,5.6873,8.0721,10.6092,15.3551,21.4115,17.1483,13.889,,4.6216,6.4491,8.7568,12.3784,17.1752,2015
Steel Authority Of India,India,No,Yes,,,,,,,,,,"3,990,183,120",15.0329,9.3678,16.0727,11.285,16.7529,9.6499,,,14.0532,9.2271,5.6861,6.2456,4.6759,-9.9532,-7.1409,,9.8585,7.0853,4.4344,5.2116,4.5181,-3.5984,-1.3309,,0
Zhongjin Gold Corp-a,China,No,Yes, N/A,,,,,,,,,"3,870,712,320",44.7143,16.8304,29.4022,53.412,497.5751,310.1645,109.9091,133.7642,25.2046,25.713,16.5809,4.305,0.6064,0.8618,3.1342,1.9182,17.5693,20.5532,14.5034,4.6286,2.126,1.4275,2.985,,0
Shandong Gold Mining Co Lt-a,China,No,Yes,,,,,,,,,,"3,869,062,400",61.2907,21.1866,24.9412,11.2745,34.2241,46.2537,47.4156,37.9708,36.1289,39.8064,32.7253,14.0238,9.4081,6.3682,9.7192,10.9947,21.1773,24.3359,21.1357,9.0933,7.8194,6.5228,8.3338,,0
Alliance Holdings Gp Lp,United States,Yes,,,Yes,,,,Yes (TSX),,,,"3,770,000,000",16.5409,14.5196,13.6332,14.9949,12.9711,4.6154,9.0494,8.2092,59.6573,59.5824,47.4004,50.4824,53.6183,37.8301,32.7952,34.3505,35.7354,,24.5372,25.6742,28.5954,17.7977,20.0052,21.6786,2016
Polymetal International Plc,Jersey,Yes,,,,Yes - London (LSE),,,,,,,"3,704,640,000",,21.477,17.3494,8.6699,,16.5616,11.3494,,,19.1157,22.0638,-10.0543,-15.7954,32.5943,53.8312,,,12.4899,15.0995,-5.886,-7.1819,13.0418,20.8015,,2015
Royal Gold Inc,United States,Yes,,,Yes,,,,Yes (TSX),,,,"3,650,000,000",42.3488,41.4948,74.6422,44.7282,57.9097,37.3978,42.4973,58.6219,4.9859,5.6069,3.303,2.6635,2.2076,-3.3674,4.508,4.4294,,,,,,,,,2016
Yanzhou Coal Mining Co-a,China,No,Yes,,Yes,,,,,,,Yes (Main),"3,650,000,000",10.6534,7.3893,8.3843,34.5403,11.7572,101.0084,13.9251,5.5028,27.9208,22.3296,13.7597,1.8098,5.5138,0.4397,4.5495,15.3742,17.3881,13.8563,8.9245,1.2047,2.9503,0.606,3.0915,,0
United States Steel Corp,United States,No,,13,Yes,,,,,,,,"3,640,000,000",,,16.6181,4.6604,4.3502,1.3243,,12.5919,-11.3053,-1.442,-3.5545,-48.2051,2.8543,-52.6704,-18.6837,4.5488,-4.4459,-5.6841,-61.9202,-20.0027,3.3237,-23.3496,-5.3396,5.9225,0
Jindal Steel & Power Ltd,India,No,,14,,,,,,,,,"3,614,644,000",17.7039,10.6825,14.3864,12.7131,7.3868,,,,30.6101,24.6103,14.7859,8.7106,-5.8559,-11.0933,-7.3017,,17.2346,13.8928,8.9776,5.6718,0.6415,-1.156,-0.0314,,0
Vedanta Resources Plc,Great Britain,Yes,,13,,Yes - London (LSE),Yes,,,,,,"3,610,000,000",13.8568,71.8796,31.6364,26.0638,,,,,14.8812,1.1612,3.5794,-4.6602,-64.0812,,,,11.2618,6.3848,7.9136,6.1566,-9.001,-10.6525,6.7535,,2015
China Hongqiao Group Ltd,Cayman Islands,No,,,,,,,,,,Yes (Main),"3,555,018,000",,3.2839,3.5204,4.3876,4.7044,6.5406,6.3582,,80.7876,45.7238,26.7873,22.833,18.0847,10.9569,17.0468,,56.2194,33.0265,18.2864,13.7778,10.1716,6.404,8.6681,,0
Steel Dynamics Inc,United States,No,,,Yes,,,,,,,,"3,550,000,000",29.0714,10.9539,17.2542,23.5184,13.538,26.3656,18.3439,13.6677,6.8956,12.6166,6.9281,7.6447,5.7514,-4.66,13.6305,17.3959,5.3283,8.1243,5.3629,5.1704,3.1499,-0.8045,8.6228,10.716,0
Wuhan Iron & Steel Co Ltd-a,China,No,Yes,,,,,,,,,,"3,464,832,000",16.8438,26.5138,131.9048,39.2857,28.64,27.76,,,6.275,3.1442,0.5872,1.4921,3.3156,-23.2832,,,4.4156,2.4651,0.8718,2.2723,3.5375,-8.1983,,,0
Jinduicheng Molybdenum Co -a,China,No,Yes,,,,,,,,,,"3,445,032,960",93.2308,49.4783,73.1875,120.8333,156.1667,828,382.5,220.6166,6.2622,5.4801,3.8839,1.3426,1.4639,0.2616,0.4219,1.0004,6.2241,5.4091,3.8223,1.3121,1.4314,0.2817,0.5398,,0
Metalurgica Gerdau Sa,Brazil,No,,14,,,,,,,,,"3,338,464,470",11.9734,,,18.8277,22.7193,3.3174,,,11.0416,,,4.7918,1.78,-19.7157,,,8.9206,,,4.8976,4.8921,-6.9754,,,0
Shanxi Lu'an Environmental-a,China,No,Yes,,,,,,,,,,"3,299,840,000",19.9665,12.6707,19.5446,16.1667,26.8372,214,27.7586,11.5427,32.8577,28.6493,16.6093,9.2429,5.5288,0.5688,4.7509,13.7787,21.9273,17.1456,10.2531,5.5855,3.4419,-0.7009,3.0858,,0
Allegheny Technologies Inc,United States,No,,14,Yes,,,,,,,,"3,240,000,000",45.076,22.3675,21.6947,25.3463,136.5403,44.571,,167.744,3.4888,9.4905,6.3937,5.7315,-0.0947,-16.1454,-37.2833,-5.937,3.7348,7.8279,5.342,4.5398,1.7642,-7.4024,-15.5572,,0
Iluka Resources Ltd,Australia,No,,,,,,,,Yes,,,"3,189,081,000",106.2791,11.9139,10.3559,196.1364,134.5455,47.8906,56.7969,,3.2524,40.7476,23.4187,1.1915,-4.2049,3.7634,-17.8372,,4.352,34.8145,21.8376,1.7225,-3.0467,4.0558,-13.3672,,0
Hindalco Industries Ltd,India,No,,14,,,,,,,,,"3,147,939,080",19.2368,6.5304,8.2543,11.2374,38.0556,86.0749,16.8203,,9.7151,11.1495,9.003,5.7286,2.1644,0.1168,4.4979,,6.3223,7.411,5.4272,4.2251,1.1799,-21.0354,4.8783,,0
Shanxi Xishan Coal & Elec-a,China,No,Yes, N/A,,,,,,,,,"3,115,048,960",31.8041,16.3421,24.2124,20.8824,94.8097,135.7143,61.4379,20.2472,23.2911,21.1767,12.4969,6.8035,1.7144,0.8843,2.6729,9.2255,14.3621,14.1441,8.9517,6.0712,3.317,2.5776,2.7511,,0
Hebei Iron & Steel Co Ltd-a,China,No,Yes,,,,,,,,,,"3,083,700,480",,,,,,,,,,,,,,,,,,,,,,,,,0
New Gold Inc,Canada,Yes,,,Yes,,,,Yes (TSX),,,,"2,950,000,000",35.4309,24.6878,29.2049,13.2585,,,86.8086,21.8646,2.9193,9.4154,8.026,-7.0862,-19.118,-9.2157,0.1291,3.046,3.6447,9.227,6.9558,-4.1938,-13.5994,-5.2644,1.475,3.6485,2016
Cia De Minas Buenaventur-adr,Peru,No,,14,Yes,,,,,,,,"2,910,000,000",18.6599,14.5107,10.6897,3.9111,,,,,28.2958,29.6959,20.3497,-2.9449,-2.1698,-9.5759,-10.8152,-11.6008,27.2573,30.087,19.9316,-1.9214,-2.0845,-8.6779,-7.9897,,0
Cliffs Natural Resources Inc,United States,Yes,,,Yes,Yes - Paris,,,,,,,"2,880,000,000",10.3875,5.2593,15.0962,7.5291,1.751,1.3654,8.5397,6.6041,31.9282,33.623,-17.2668,7.3173,,,,,25.5345,24.4365,,,,,,,2015
Lonmin Plc,Great Britain,Yes,,11.5,,Yes - London (LSE),Yes,,,,Yes (Main),,"2,807,040,000",53.8698,11.2751,6.2657,16.3802,8.8112,,,,4.4225,9.6826,-15.1347,5.63,-5.6609,-68.3258,-20.7398,,4.2926,9.6814,-14.8985,5.9755,-5.0441,-67.354,-21.0128,,2015
Pangang Group Steel Vanadi-a,China,No,Yes,,,,,,,,,,"2,720,718,080",40.2371,21.6527,59.7101,35.6667,58.3333,,,,8.4544,0.0087,3.9985,3.677,-29.7426,-23.205,-101.0578,-71.5839,5.1492,0.1347,3.5154,3.4806,-15.9082,-3.8597,-20.7402,,0
Osisko Mining Corp,Canada,Yes,,,,,,,Yes (TSX),,,,"2,610,000,000",,,,,,,,,,-48.5319,,,-129.8564,-19.6999,-2.7066,,,,,,,-19.6834,-2.7066,,2016
Tahoe Resources Inc,United States,Yes,,13,Yes,,,,Yes (TSX),,,,"2,600,000,000",,,,,,,,,,-7.4105,-10.7235,-8.1718,10.9901,-5.6576,5.5652,3.8301,,,,,10.8725,-5.3524,5.532,3.8696,2016
