,Company,Country (Incorporated),Transparent,State Owned,Ethiscore,US (NYSE/NASDAQ/AMEX),EU Transparency Directive,Accounting Directive,Norway (Bors/Axess),Toronto (TSX/Venture),Australia (ASX),South Africa (JSE),Hong Kong (HKE),2014 Market Cap ($Bln),P/E Q1 2014,P/E Q2 2014,P/E Q3 2014,P/E Q4 2014,P/E Q1 2015,P/E Q2 2015,P/E Q3 2015,P/E Q4 2015,P/E Q1 2016,P/E Q2 2016,P/E Q3 2016,P/E Q4 2016,P/E Q1 2017,P/E Q2 2017,P/E Q3 2017,ROE Q1 2014,ROE Q2 2014,ROE Q3 2014,ROE Q4 2014,ROE Q1 2015,ROE Q2 2015,ROE Q3 2015,ROE Q4 2015,ROE Q1 2016,ROE Q2 2016,ROE Q3 2016,ROE Q4 2016,ROE Q1 2017,ROE Q2 2017,ROE Q3 2017,ROIC Q1 2014,ROIC Q2 2014,ROIC Q3 2014,ROIC Q4 2014,ROIC Q1 2015,ROIC Q2 2015,ROIC Q3 2015,ROIC Q4 2015,ROIC Q1 2016,ROIC Q2 2016,ROIC Q3 2016,ROIC Q4 2016,ROIC Q1 2017,ROIC Q2 2017,ROIC Q3 2017,Bloomberg Ticker,start
0,Exxon Mobil Corp,United States,No,no,4.5,Yes,,,yes,,,,,394.17,13.2898,12.8255,11.8302,12.2811,12.883,14.8376,15.7276,19.9385,26.373,37.1984,40.785,38.1862,28.4393,24.8119,23.069000000000003,18.742,19.6654,19.6094,18.6681,16.3164,13.4361,11.3518,9.3566,7.5827,6.1353,5.2385,4.6372,5.747999999999999,6.6844,7.3738,,,,16.3536,14.2493,11.6809,9.8626,7.8863,6.247999999999999,5.0318,4.3625,4.0128,4.9635,5.7002,6.1671,XOM US Equity,0
1,Royal Dutch Shell Plc-adr,Great Britain,Yes,,2.5,Yes,"Yes - Amsterdam, London (LSE)",Yes,,,,,,214.33,,,,,,,,,,,,,,,,7.022,8.9941,8.9434,,,,,,-1.1013,-2.6223,2.2818,2.6179,3.9392,4.1693,5.6091,6.0983,7.8672,7.734,,,,,,-0.4809,-1.5192,2.0137,2.9817,3.9886,4.0921,5.0435,RDS/A US Equity,2015
2,Chevron Corporation,United States,No,,7.0,Yes,,,,,,,,214.26,11.5359,12.4225,10.963,11.0449,11.7992,14.0958,15.673,26.533,46.5375,62.5156,96.8912,106.2986,39.9072,34.7157,36.7822,13.5883,13.5327,13.7579,12.6527,11.2875,7.917000000000001,5.5592,2.9810000000000003,0.8461,-0.4943,-0.9943,-0.3333,1.9603,3.9746,4.4284,12.0299,11.7778,11.9631,10.883,9.5074,6.7234,4.6618,2.5024,0.7293,-0.3235,-0.6908,-0.1559,1.6227,3.176,3.514,CVX US Equity,0
3,Petrochina Co Ltd-a,China,No,Yes,8.0,Yes,,,,,,,Yes (Main),176.75,10.8776,10.4351,10.9324,18.4509,27.543000000000003,32.7459,36.4164,43.4733,92.7235,131.2612,205.8094,190.6795,51.8811,68.9179,60.7226,11.2709,11.614,11.4592,9.2845,6.7408,5.4681,3.5646,3.0155,1.3273,0.9002,0.5654,0.6634,2.3106,1.6808,1.9784,8.637,9.0089,8.8968,7.5518,5.722,4.895,3.5521,3.1975,2.0072,2.441,2.2356,2.362,3.5992,2.6294,2.9053,601857 CH Equity,0
4,Bp Plc,Great Britain,Yes,,4.5,Yes,Yes - London (LSE),Yes,,,,,,144.64,14.8385,14.3207,14.7296,31.7334,42.1727,43.7815,,,,,,1338.5132,51.933,29.7211,32.4211,7.8121,8.772,7.2116,3.1392,2.3829,-5.3282,-6.676,-6.2162,-9.3725,-5.2956,-3.8297,0.1185,2.2161,3.9139,4.0633,6.3363,7.0466,5.7704,3.0139,2.372,-2.8613,-3.6342,-3.2030000000000003,-5.1295,-2.3871,-1.4269,1.0851,2.415,3.4005,3.2757,BP/ LN Equity,2015
5,Total Sa,France,Yes,,9.0,Yes,"Yes - Paris, Brussels, Italy, London (LSE)",Yes,,,,,,127.37,10.8184,12.1085,11.0668,21.3069,31.823,32.8335,58.4831,19.7455,25.6018,35.5596,28.7893,20.2079,16.8347,16.7871,16.8147,11.5695,13.7155,13.4244,5.7536,3.0126,3.437,1.821,5.8777,4.3342,3.3477,3.9121,6.8522,7.4288,7.2017,7.8454,8.1739,9.5897,9.2504,3.9071,1.9522,2.213,1.1321,3.7461,3.175,2.4032,2.7446,4.7114,5.2604,5.1433,5.6222,FP FP Equity,2015
6,Schlumberger Ltd,Curacao,Yes,,14.0,Yes,"Yes - Paris, Vienna, London (LSE)",,,,,,,113.16,19.5801,22.6642,18.7197,15.2104,15.0903,17.2156,16.0093,21.483,29.1616,55.8187,99.4083,143.0694,179.4247,62.8039,54.2742,18.6773,16.9565,17.3492,14.0664,12.4157,11.0827,8.6429,5.6394,4.3772,-4.1849,-6.2339,-4.3983,-5.026,0.431,1.3348,14.9258,13.4691,13.7544,11.0981,9.9633,8.8319,7.0867,4.5008,3.6579,-2.2573,-3.645,-2.1655,-2.5456,0.8656,1.5776,SLB US Equity,2015
7,Gazprom Oao,Russia,Yes,Yes,13.0,,Yes - London (LSE),,,,,,,91.69,,,,,,,,,,,,,,,,,,,,,,,,,,,,,,,,,,,,,,,,,,,,,,GAZPROM RU Equity,2015
8,China Petroleum & Chemical-a,China,Yes,Yes,11.5,Yes,Yes - London (LSE),,,,,,Yes (Main),90.61,9.6035,8.9862,9.423,16.2953,21.7086,21.3753,26.8878,18.5878,15.875,21.7988,16.7861,14.187999999999999,12.2831,13.2861,12.9292,11.2467,12.107000000000001,11.4489,7.9987,5.506,6.2148,3.3960000000000004,5.0917,5.357,3.8398,5.1336,6.6608,8.0065,7.6777,7.8765,8.0571,8.5946,8.0914,5.8919,4.1594,5.1796,,,,,,,,,,600028 CH Equity,2015
9,Eni Spa,Italy,Yes,,12.5,Yes,Yes - Italy,Yes,,,,,,80.02,13.4889,13.6849,22.4643,516.0396,575.4321,748.0149,643.2364,,,,,,170.9887,61.2903,30.1714,8.1093,9.027999999999999,5.0294,2.1888,1.3084,0.10800000000000001,-4.0479,-15.2334,-17.5905,-18.844,-19.2712,-2.6979,0.5624,1.5049,3.4505,5.5436,6.5514,3.5236,1.604,0.6848,-0.5143,-4.265,-10.3602,-6.6374,-6.9056,-7.4099,-10.6993,0.9653,2.5184,4.8736,ENI IM Equity,2015
10,Conocophillips,United States,No,,9.5,Yes,,,,,,,,78.25,11.6036,13.7919,12.472000000000001,13.0534,18.6593,34.264,692.8333,673.1867,,,,,,,,17.9172,17.6666,17.6619,13.2095,9.8514,5.3072,-2.0445,-9.6604,-14.0618,-16.3897,-17.4919,-9.6741,-4.1912,-11.5848,-7.4066,13.1316,13.0364,13.1473,9.8512,7.6434,4.699,-0.5766,-5.3977,-7.784,-8.9619,-9.2125,-4.3146,-1.0277,-5.0542,-2.8019,COP US Equity,0
11,Statoil Asa-spon Adr,Norway,Yes,Yes,9.5,Yes,Yes - Stockholm,,Yes,,,,,74.32,,,,,,,,,,,,,,,,16.0225,18.6248,12.937999999999999,5.9487,-10.1046,-10.8777,-10.2919,-10.1958,1.0986,-2.6247,-2.955,-7.7793,-6.2655,-1.8647,-1.9833,11.5784,13.1575,9.1732,4.0834,-7.6754,-8.8534,-9.1088,-16.7615,0.7639,-2.0661,-2.3808,-3.051,-5.2022,-1.1725,-1.2585,STO US Equity,2014
12,Rosneft Oil Company,Russia,Yes,Yes,13.0,,Yes - London (LSE),,,,,,,71.37,,,,,,,,,,,,,,,,13.1552,17.9566,12.8413,11.5961,10.4451,8.9562,12.8076,12.3307,10.5477,8.717,5.9524,5.7789,5.6127,4.8788,,8.3895,11.0658,8.0234,7.0955,6.8194,6.4011,8.4228,7.7051,7.0831,6.5966,5.0944,4.658,4.9441,4.8691,,ROSN RU Equity,2015
13,Petroleo Brasileiro S.A.-adr,Brazil,Yes,Yes,12.0,Yes,Yes - Spain (Latibex),,,,,,,70.96,,,,,,,,,,,,,,,,6.1659,5.7308,3.3089,-6.5735,-6.5781,-7.8087,-7.7677,-12.3624,-14.6223,-14.3698,-19.7722,-5.8713,-3.5079,-3.4651,,5.3629,5.132999999999999,3.6531,-1.796,-1.7649,-2.222,-1.7845,-2.8362,-3.3066,-3.2238,-4.5847,0.6832,1.4675,-19.5967,,PBR US Equity,2015
14,Occidental Petroleum Corp,United States,No,,10.5,Yes,,,,,,,,70.32,13.988,16.7002,17.3018,22.9468,34.4016,55.7455,544.0004,275.5327,279.6804,,,,,76.6994,55.6717,14.1488,14.2047,13.1496,1.5778,-2.5712,-5.8597,-16.5319,-26.4007,-25.9969,-27.8283,-21.005,-2.504,-2.3848,0.512,2.5369,12.1432,12.1875,11.097000000000001,1.2928,-2.0617,-4.7742,-13.2231,-20.776999999999997,-20.5041,-21.0431,-15.4255,-1.2352,-1.0999,0.9678,2.4628,OXY US Equity,0
15,Ecopetrol Sa-sponsored Adr,Columbia,Yes,Yes,14.0,Yes,,,,Yes (TSX),,,,69.98,12.1992,12.22,13.9271,19.3181,116.179,78.3789,59.123999999999995,,,,,36.2563,26.5841,21.7732,22.0888,22.7146,20.1907,15.9799,9.6926,3.6832,1.5931,-0.2871,-8.8228,-8.5333,-9.7975,-10.4334,3.5964,4.7959,5.8139,,,,,,,,,,,,,,,,,ECOPETL CB Equity,2016
16,Cnooc Ltd,Hong Kong,Yes,Yes,14.0,Yes,,,,Yes (TSX),,,Yes (Main),67.89,,,,,,,,,,,,,,,,ECOPETL CB Equity,,,,,,,,,,,,,,,,,,,,,,,,,,,,,,883 HK Equity,2016
17,Enterprise Products Partners,United States,No,,,Yes,,,,,,,,60.23,24.5783,27.1652,27.0107,24.8632,23.6942,21.7604,18.5092,18.909000000000002,18.1309,21.7233,21.2798,21.3283,21.4859,21.2049,20.2678,18.0223,18.3463,18.7002,16.7522,14.8815,14.2176,13.8988,13.1455,12.4317,12.2046,12.0963,11.8705,11.9547,12.2016,,10.5819,10.975999999999999,10.982999999999999,10.148,9.5346,9.2046,8.9461,8.3717,8.2594,8.137,7.9915,7.9246,8.0538,8.2021,,EPD US Equity,0
18,Bg Group Plc,Great Britain,Yes,,8.0,,Yes - London (LSE),Yes,,,,,,56.97,11.6,11.1454,10.790999999999999,9.0925,8.4511,9.8037,8.8658,8.4924,7.9772,8.9772,8.3984,9.4294,9.0012,9.4519,9.317,18.7018,19.3843,18.6056,16.8691,16.9953,18.3947,18.755,17.7305,17.9932,19.3916,21.1881,19.8387,20.1842,20.8814,,7.7638,7.7183,7.4236,6.8525,6.4487,6.4641,6.7587,7.0649,7.1325,7.4778,7.8358,7.1123,7.7217,7.4705,,BGEO LN Equity,2015
19,Suncor Energy Inc,Canada,Yes,,12.5,Yes,,,,Yes (TSX),,,,47.74,12.9461,13.7772,14.285,15.3078,42.632,40.7468,8282.6642,8303.5507,81.2557,79.9527,,189.4216,64.328,29.0111,22.5424,10.4858,9.3341,7.3585,6.5207,2.0903,3.3317,0.231,-4.9478,-3.3441,-6.6738,-4.9434,1.0374,3.4822,6.0667,8.0735,9.0302,8.125,6.5416,5.8261,2.3142,3.3484,0.3351,-2.481,-1.2443,-3.6661,-2.5203,1.9214,3.753,5.5594,7.1208,SU CN Equity,2016
20,Eog Resources Inc,United States,No,,13.0,Yes,,,,,,,,44.15,21.2408,23.2852,19.143,19.7973,27.9824,41.6492,89.9181,1249.2279,1299.8747,,,,,,,15.8667,15.5017,18.729,17.5997,12.4452,8.1072,-24.4847,-29.5183,-32.3105,-34.7604,-9.8764,-8.1463,-4.5295,-2.1633,,,,,,,,,,,,,,,,,EOG US Equity,0
21,Oil & Natural Gas Corp Ltd,India,Yes,Yes,,,Yes - London (LSE),,,,,,,42.36,,,,,,,,,,,,,,,,,,,,,,,,,,,,,,,,,,,,,,,,,,,,,,ONGC IN Equity,2015
22,Reliance Industries Ltd,India,Yes,,13.5,,Yes - Luxembourg,,,,,,,42.36,,,,,10.3121,12.4545,9.4024,10.2994,10.3342,9.2529,11.1214,11.0176,13.0648,12.8034,14.1069,,,,,,,12.2288,,13.2344,,11.8152,,12.0638,,12.3393,,,,,,,8.1248,,8.2028,,7.6312,,7.4365,,8.142000000000001,RIL IN Equity,2015
23,Lukoil Oao,Russia,Yes,,11.0,,Yes - London (LSE),,,,,,,41.76,,,,,,,,,,,,,,,,8.9494,9.1959,7.1569,,,,,,,,,6.4188,6.9471,9.232999999999999,,8.1283,8.3279,6.5173,,,,,,,,,5.9455,6.3420000000000005,8.1738,,LKOH RU Equity,2015
24,Halliburton Co,United States,No,,10.5,Yes,,,,,,,,41.03,18.4881,20.8528,17.1679,9.8063,11.6317,13.3187,14.9572,23.7503,35.1945,90.0623,277.3898,334.005,,143.7713,61.888999999999996,18.7872,19.3652,23.9895,23.4522,15.2476,10.0175,1.6678,-4.2296,-17.0594,-44.8641,-44.9025,-46.3431,-30.8021,-1.5763,2.2435,14.377,14.9044,16.7343,16.6283,11.2934,7.9369,2.3562,-1.3313,-8.0904,-22.9,-22.8957,-20.1849,-11.8748,1.5193,3.6005,HAL US Equity,0
25,Anadarko Petroleum Corp,United States,No,,13.5,Yes,,,,,,,,39.34,20.2396,24.7458,22.7708,22.2448,48.1151,177.8849,134.5417,,,,,,,,,-11.614,-14.605,-9.884,-8.4219,-13.263,-14.0929,-33.6057,-41.1443,-31.8438,-37.6943,-28.5768,-24.5935,-20.0578,-18.3185,-16.6966,-4.8281,-6.6409,-3.8672,-64.0753,-4.6931,-5.1369,-14.5393,-18.314,-11.6502,-14.4428,-10.2432,-7.1983,-4.7122,-4.0426,-3.6177,APC US Equity,0
26,Canadian Natural Resources,Canada,Yes,,13.0,Yes,,,,Yes (TSX),,,,35.36,19.2258,16.8938,15.622,11.4171,18.065,38.7746,29.984,,,,,,,54.7397,25.0422,10.5658,12.6434,11.7563,14.3754,11.1594,5.7459,1.5518,-2.2640000000000002,-1.7686,-1.5764,-2.4055,-0.7605,0.5471,5.4627,,8.1809,9.2723,8.7968,10.6601,8.2749,4.2882,1.393,-0.9196,-0.4656,-0.2025,-0.6771,0.3933,1.2147,3.9877,,CNQ CN Equity,2016
27,Kinder Morgan Energy Prtnrs,United States,No,,,Yes,,,,,,,,34.76,35.7971,34.3017,36.4954,39.9188,,,,,,,,,,,,10.3132,6.6035,7.8764,,,,,,,,,,,,,,,,,,,,,,,,,,,,KMP US Equity,0
28,Imperial Oil Ltd,Canada,Yes,,4.5,Yes,,,,Yes (TSX),,,,34.73,14.062000000000001,14.414000000000001,12.4653,13.0522,15.7331,19.7162,22.5025,36.8781,71.7636,157.6759,160.2601,156.8081,62.3111,50.2887,43.3786,15.9212,19.9964,20.7076,18.0007,15.1389,9.7023,7.4264,4.883,2.6057,1.3048,3.4915,8.9378,10.6845,11.2456,8.4525,12.8011,15.8302,16.102999999999998,13.9979,11.7422,7.6012,5.8657,3.8605,2.0974,1.2773,2.9744,7.2951,8.5967,8.9955,7.0144,IMO CN Equity,2016
29,Enbridge Inc,Canada,Yes,,,Yes,,,,Yes (TSX),,,,34.53,31.6342,28.0014,27.686999999999998,29.9194,29.3876,24.3353,21.0212,19.1575,21.0679,25.6368,25.1466,24.5226,26.4395,27.3803,30.0892,7.6426,15.1154,8.4034,12.3913,3.957,1.9884,-2.9467,-0.3267,12.5337,10.2739,14.4858,13.3967,3.6042,5.5859,8.4653,3.6315,5.0016,4.2699,4.7691,3.4025,2.494,-6.0527,-38.8368,4.0818,4.17,5.0376,5.7854,3.0746,4.4409,5.8429,ENB CN Equity,2016
30,Novatek Oao-spons Gdr Reg S,Russia,Yes,,13.0,,Yes - London (LSE),,,,,,,33.3,,,,,,,,,,,,,,,,31.7843,36.4914,30.7414,,10.6116,12.3413,7.9269,18.3505,32.9644,32.0195,42.4881,47.9873,33.6867,26.7671,26.3411,23.1107,26.5932,22.1285,,7.3978,8.785,5.3889,11.4294,22.3604,23.5926,30.1141,33.1084,26.2934,21.6469,21.7077,NVTK RU Equity,2015
31,National Oilwell Varco Inc,United States,No,,13.5,Yes,,,,,,,,31.6,13.294,14.9685,12.9768,11.0622,8.6581,9.5021,9.2758,12.2309,20.2192,71.8801,78.737,,,,,11.164,11.8603,11.8888,11.6584,10.6532,9.4041,6.8047,-4.1483,-6.7699,-9.7246,-19.5544,-15.9087,-15.9532,-15.1176,-6.484,9.7714,10.3783,10.5307,10.4447,9.3439,8.2291,6.0656,-3.16,-5.2419,-7.6309,-15.6427,-12.4927,-12.6979,-12.0394,-4.9154,NOV US Equity,0
32,Apache Corp,United States,No,,11.5,Yes,,,,,,,,31.43,11.0544,14.7057,17.0154,11.5313,18.7958,26.4704,48.2487,55.21,,,,,,,,5.4071,3.7822,-1.301,-18.2125,-37.9054,-48.2619,-71.2236,-80.8219,-80.8472,-77.3517,-64.3568,-19.8924,-19.5168,-0.057,9.8813,4.4724,3.5793,-0.0067,-11.3456,-24.0889,-30.8596,-43.3203,-47.4889,-39.2801,-39.3567,-28.0774,-5.6127,-2.2928,2.8385,,APA US Equity,0
33,Transcanada Corp,Canada,Yes,,10.0,Yes,,,,Yes (TSX),,,,30.75,21.5115,22.4899,25.4201,23.6544,21.8649,19.8153,16.5354,18.3166,20.6634,23.9912,24.0832,21.6878,21.1596,19.7185,19.6706,10.2508,10.5202,10.2332,10.3976,10.1648,10.3051,9.8487,-8.064,-8.9679,-9.4132,-11.4441,0.7007,3.0111,6.0057,,6.091,5.9707,5.9912,5.6998,5.8559,5.6006,-0.2602,-0.3265,-0.1537,-0.7609,2.623,3.6059,4.4136,,,TRP CN Equity,2016
34,Sasol Ltd,South Africa,No,,13.5,Yes,,,,,,Yes (Main),,30.05,,,,,,,,,12.0,6.5263,5.4211,,,,,-98.0732,-90.6524,-15.6435,-22.1276,-26.7612,-29.4583,-15.4023,-4.1078,15.6394,23.3099,-2.5527,-38.9691,-81.3183,-159.4313,,,-14.7309,1.3302,-0.1818,-0.7453,-1.0765,1.7652,2.6102,6.6582,7.7359,3.2648,-1.6454,-5.3431,-10.2153,,SOL US Equity,0
35,Repsol Ypf Sa,Spain,Yes,,14.0,,Yes - Spain (Continuous),Yes,,,,,,30.02,27.4216,20.677,19.7531,20.4226,18.4944,21.2314,30.0951,29.776999999999997,,,,13.823,12.8001,10.8843,12.6632,1.2943,2.2489,1.9609,5.8465,5.2749,4.6377,2.7283,-4.9512,-5.7891,-6.0805,-3.7367,5.845,6.7123,7.3569,,,,,,,,,-1.9635,-2.3821,-2.4394,-1.1136,5.0423,5.3235,5.8369,,REP SM Equity,2015
36,Husky Energy Inc,Canada,Yes,,7.5,,,,,Yes (TSX),,,,28.86,15.3919,15.7037,14.0085,15.0908,19.455,32.3862,292.3122,202.7393,,,,,,,88.9157,9.8522,9.8431,9.9963,6.287000000000001,3.8246,1.271,-23.9817,-21.738000000000003,-25.5943,-27.7126,3.8898,5.46,8.8528,9.6258,1.6047,8.6652,8.8284,8.8602,5.7813,3.9561,1.857,-16.7944,-14.7514,-17.0452,-18.5719,3.9025,5.3653,7.4906,8.1643,2.6075,HSE CN Equity,2016
37,Williams Cos Inc,United States,No,,12.5,Yes,,,,,,,,27.09,58.058,95.2811,111.8342,92.2903,109.1895,140.5887,50.9979,24.678,16.0204,16.9287,28.247,32.1027,29.4752,39.3511,42.4368,8.692,5.8931,27.0938,30.9948,31.8678,26.0275,4.0809,-7.4639999999999995,-9.9547,-18.9842,-18.1269,-7.8584,0.1981,7.6127,7.2789,4.845,3.9473,8.1736,9.0779,8.4925,7.9887,2.4154,-1.4682,-1.4675,-3.0835,-2.3331,1.064,3.4807,4.7351,4.9619,WMB US Equity,0
38,Woodside Petroleum Ltd,Australia,No,,7.5,,,,,,Yes,,,27.08,,,,,,,,,,,,,,,,,,,,,,,,,,,,,,,,,,,,,,,,,,,,,,WPL AU Equity,0
39,Surgutneftegas-sp Adr,Russia,No,,14.0,,,,,,,,,26.54,,,,,,,,,,,,,,,,,,,,,,,,,,,,,,,,,,,,,,,,,,,,,,SGTPY US Equity,0
40,Valero Energy Corp,United States,No,,12.0,Yes,,,,,,,,25.74,11.4287,9.0664,7.4056,8.3376,10.1517,8.3385,6.8313,8.9055,9.0084,8.0835,10.7278,13.3166,13.9251,16.2896,16.6156,15.1289,15.8191,19.3849,18.088,18.5111,21.7406,23.1499,19.3671,16.9973,14.1997,10.6577,11.2895,10.3703,9.0521,,12.1448,12.831,15.454,14.7061,14.7675,17.3589,18.4189,15.6196,13.7151,11.7795,9.1888,9.578,8.8977,7.9643,,VLO US Equity,0
41,Hess Corp,United States,No,,13.5,Yes,,,,,,,,25.03,10.0128,12.2795,12.0594,24.2203,94.9187,93.66,,,,,,,,,,17.8772,15.2095,17.7017,9.8753,6.732,0.19399999999999998,-5.4541,-14.6955,-15.2651,-14.8547,-15.2289,-37.025,-35.6828,-36.9477,-39.1048,15.7907,13.3881,14.9497,8.8246,6.4229,0.9748,-3.3604,-10.0736,-10.3247,-9.8237,-9.6419,-23.7145,-22.5498,-23.0571,-24.2546,HES US Equity,0
42,Baker Hughes Inc,United States,No,,13.5,Yes,,,,,,,,24.84,23.5645,23.7469,19.4022,13.4463,18.7845,27.3709,44.6729,39.2819,,,,,,,,6.6075,7.162000000000001,7.2689,9.4612,4.5045,1.4608,-1.5382,-11.2648,-14.2404,-19.5187,-21.9278,-18.9128,-13.5732,-8.8125,-3.7649,,,,,,,,,,,,,,,,BHI US Equity,0
43,Marathon Petroleum Corp,United States,No,,13.0,Yes,,,,,,,,24.46,15.5029,11.0254,10.3214,11.561,10.2624,10.4722,7.8751,9.9473,9.4133,9.5184,14.9483,16.3178,17.5339,20.8266,15.3076,14.1873,16.4881,21.659000000000002,23.2753,29.6375,28.6035,29.9317,23.7535,16.1716,15.405999999999999,8.8267,8.7632,9.2638,6.7749,12.4824,11.5188,13.2542,15.6448,16.5499,20.6589,20.2709,19.9375,12.4258,8.6149,8.3995,5.7133,5.0928,5.6208,5.0084,7.4586,MPC US Equity,0
44,Ptt Pcl-nvdr,Thailand,No,Yes,14.0,,,,,,,,,23.8,9.963,8.7867,10.588,15.9636,17.7413,22.2524,15.0622,34.3654,37.1544,38.9291,12.8382,11.4094,9.551,8.6464,9.5344,12.8306,15.2721,14.0937,8.51,7.4018,6.4086,-0.6313,2.7831,2.8836,3.0192,10.4586,12.8898,15.4078,16.2195,,,,,,,,-2.1579,2.6935,2.6041,2.6276,7.4206,8.6915,10.3771,10.7818,,PTT TB Equity,0
45,Pioneer Natural Resources Co,United States,No,,13.5,Yes,,,,,,,,23.71,40.0854,42.3599,35.2377,30.4046,47.056000000000004,76.6003,464.9261,475.7427,,,,,284.014,146.5222,102.8786,-11.852,-16.2463,-11.87,12.1056,9.4568,6.6481,9.7277,-3.127,-4.9948,-5.3961,-11.7125,-5.9344,-3.3152,1.5923,1.1607,-7.1048,-10.3991,-7.343,10.2307,8.2132,6.1424,8.381,-1.3074,-2.7343,-3.0264,-7.9069,-3.2934,-1.5383,2.0747,1.8504,PXD US Equity,0
46,Devon Energy Corporation,United States,No,,13.0,Yes,,,,,,,,23.49,14.4814,16.4807,14.2015,12.9445,14.2794,16.457,10.7944,7.4314,8.9118,14.5558,31.9637,33.297,49.5788,32.8429,26.4859,8.1538,7.8142,10.2973,7.5693,-12.1223,-31.6167,-61.262,-101.1543,-114.0247,-125.6222,-94.0764,-51.0789,4.6754,39.0261,23.6873,5.2977,5.5481,7.2884,5.4598,-4.981,-15.2204,-30.9223,-48.2189,-50.8684,-49.9831,-34.6081,-14.1948,4.6435,14.0596,,DVN US Equity,0
47,Energy Transfer Equity Lp,United States,No,,13.5,Yes,,,,,,,,22.78,28.0303,32.1742,32.0522,33.6441,28.831,27.1077,15.7179,9.2718,5.0335,10.1347,11.1125,8.5602,9.277999999999999,7.822,7.5694,16.4408,29.9564,32.9066,72.2158,74.6613,162.3269,,,,,,,,,,2.7560000000000002,3.3029,3.5908,4.524,3.8786,4.8292,4.2814,3.8092,4.9403,3.2825,2.93,1.933,2.8874,1.4208,,ETE US Equity,0
48,Marathon Oil Corp,United States,No,,13.0,Yes,,,,,,,,22.33,17.2909,17.537,17.0704,81.0216,75.6947,,,,,,,,,,,13.4139,13.8291,13.0087,15.0927,8.0119,3.4675,-2.4519,-11.1389,-11.6718,-10.7643,-8.1658,-11.8579,-41.8976,-42.2017,,,,,,,,,,,,,,,,,MRO US Equity,0
49,Williams Partner LP,United States,No,,,Yes,,,,,,,,21.72,30.3668,33.9367,39.0865,45.8212,154.392,1412.4253,266.6868,96.742,41.5553,84.4365,54.648,36.8022,25.8962,20.423,21.4392,10.3445,9.4651,8.6685,2.9077,0.1906,0.4332,-1.0636,-8.368,-7.3444,-9.0896,-7.4388,-0.212,3.1505,5.906000000000001,6.0097,11.3079,14.1716,17.2948,6.875,6.2170000000000005,6.8204,5.5362,-1.7593,-1.7832,-2.6457,-1.4815,2.5902,3.9142,5.51,5.475,WPZ US Equity,0
50,Continental Resources Inc/ok,United States,No,,,Yes,,,,,,,,20.44,22.0,26.98,22.91,15.92,27.64,44.61,633.57,,,,,,,,,22.66,15.86,22.98,21.91,13.71,11.27,-2.07,-7.34,-9.02,-11.71,-12.52,-8.91,-4.57,-3.36,,12.61,11.7,11.31,9.0,6.63,3.84,0.68,-1.67,-2.41,-2.37,-2.49,-0.9,0.3,0.05,,,0
51,Cenovus Energy Inc,Canada,Yes,,,Yes,,,,Yes (TSX),,,,19.43,28.22,20.05,21.3,33.07,,,,,,,,,,25.47,,7.41,11.55,11.11,7.39,-1.61,-6.13,6.63,5.47,10.11,7.12,-10.15,-4.25,-1.52,16.78,,6.96,8.26,8.39,4.24,-13.02,-14.66,-15.79,-15.78,-2.4,-3.34,-4.04,0.07,1.17,1.56,,,2016
52,Ptt Explor & Prod Pcl-nvdr,Thailand,Yes,Yes,14.0,,,,,,,,,18.66,12.96,11.95,11.96,21.56,25.74,,,,,,18.24,42.15,23.55,16.62,,13.93,14.94,13.49,5.47,4.51,-0.13,-14.62,-8.55,-9.59,-9.1,4.34,2.71,4.63,5.96,,9.56,10.73,9.86,4.36,3.84,0.82,-2.67,2.7,1.95,2.21,4.15,2.34,3.56,4.56,,,0
53,Gazprom Neft Jsc-cls,Russia,No,Yes,13.0,,,,,,,,,18.56,3.86,3.78,3.73,5.53,6.1,4.37,6.07,6.62,6.3,8.68,6.61,5.04,4.36,3.87,,18.93,19.99,18.7,12.1,11.83,13.5,10.25,9.87,9.71,7.26,10.18,15.9,16.7,16.41,,14.17,14.49,14.19,11.83,10.91,11.66,10.59,8.76,8.61,7.1,6.8,8.34,8.66,9.58,,,0
54,Energy Transfer Partners Lp,United States,No,,13.5,Yes,,,,,,,,18.11,31.79,33.42,28.81,31.89,39.99,34.82,40.8,30.13,23.46,45.95,45.02,33.83,28.2,30.71,,4.73,4.68,5.39,1.71,0.25,1.58,-0.19,1.45,2.41,0.49,1.32,3.2,7.9,3.37,,5.37,5.42,5.91,5.8,4.85,5.78,4.79,4.06,4.8,7.72,8.18,8.53,11.03,4.07,,,0
55,Inpex Corp,Japan,No,,14.0,,,,,,,,,17.55,10.57,11.15,12.89,10.65,10.91,11.76,11.01,24.87,41.18,44.93,39.81,74.28,1688.09,,,5.99,6.22,6.05,6.97,7.68,6.95,6.19,2.66,1.68,1.16,1.42,0.56,0.02,-0.45,-0.09,4.77,4.8,4.56,5.08,5.6,5.08,4.35,1.25,0.39,0.04,0.06,-0.83,-0.86,-1.14,-0.72,,0
56,Plains All Amer Pipeline Lp,United States,No,,12.0,Yes,,,,,,,,17.49,23.21,25.79,25.48,26.2,29.47,35.76,28.96,26.05,23.6,33.87,37.53,34.02,33.52,22.85,,10.89,10.16,10.93,11.18,9.09,6.72,5.72,3.82,2.39,1.74,2.6,2.64,6.87,9.88,,9.71,9.21,9.55,9.45,8.98,7.64,7.14,6.04,5.57,5.3,5.42,4.77,5.9,6.31,,,0
57,Chesapeake Energy Corp,United States,No,,14.0,Yes,,,,,,,,17.36,15.41,19.26,25.18,28.18,79.78,,41.39,,,,,,,19.42,,6.39,3.95,4.01,9.52,-24.74,-75.42,-166.35,,,,,,,,,5.37,4.44,4.73,3.86,-9.6,-26.94,-52.12,-59.79,-61.04,-57.94,-47.9,-33.03,-26.77,-11.48,,,0
58,Cabot Oil & Gas Corp,United States,No,,,Yes,,,,,,,,17.28,42.89,40.53,37.44,25.15,29.01,40.73,37.65,187.86,,,,,352.38,92.34,71.11,15.66,15.92,17.22,4.81,1.7,-4.76,-10.01,-5.49,-8.02,-9.58,-9.45,-18.23,-9.21,-6.37,-5.37,11.28,11.68,11.83,3.48,2.29,-1.37,-4.03,-1.17,-3.32,-4.14,-4.02,-7.43,-4.54,-2.81,-2.27,,0
59,Seadrill Ltd,Bermuda,Yes,,,Yes,Yes - Stockholm,,Yes,,,,,16.93,3.12,4.44,3.11,1.37,3.38,4.61,,,,,8.36,,,,,66.5,47.76,46.45,46.06,13.28,10.8,-8.87,-6.6,-9.52,-10.34,1.36,-1.29,-2.0,-6.17,,10.92,11.15,10.54,9.45,8.12,7.24,2.42,1.83,-0.02,-0.22,1.8,1.29,,,,,2014
60,Transocean Ltd,Switerland,No,,11.0,Yes,,,,,,,,15.27,8.96,8.5,6.75,3.67,3.13,3.88,3.19,3.3339999999999996,2.81,5.13,6.27,8.63,11.73,9.32,,9.28,11.23,-6.09,-12.6,-18.78,-20.6,-3.98,6.04,11.25,9.34,8.48,4.96,4.0,-7.99,,7.38,8.43,-2.22,-6.26,-10.2,-11.18,-1.01,5.01,8.1,6.78,6.0,4.03,3.46,-3.86,,,0
61,Southwestern Energy Co,United States,No,,,Yes,,,,,,,,14.68,20.85,20.04,15.44,11.94,12.53,18.58,17.5,51.72,,,,,47.07,19.16,17.56,22.39,19.72,19.36,22.31,16.99,-5.76,-63.47,-178.92,,,,,,,,15.49,14.79,14.11,7.71,7.99,-3.01,-27.86,-40.84,-56.24,-62.26,-58.3,-35.31,-13.71,-3.92,9.79,,0
62,Magellan Midstream Partners,United States,No,,13.5,Yes,,,,,,,,14.6,22.22,26.24,25.15,25.55,25.67,23.59,18.25,20.12,20.53,23.1,21.21,21.42,20.85,18.63,,47.82,46.57,50.02,51.64,43.09,44.36,45.47,42.11,43.08,43.36,39.53,39.03,39.41,40.31,,21.15,21.01,21.99,22.86,18.87,19.19,19.87,18.78,17.69,17.69,15.72,16.07,16.31,16.8,,,0
63,Eqt Corp,United States,No,,,Yes,,,,,,,,14.26,36.14,38.9,33.92,23.6,27.35,34.74,42.74,79.62,,,,,,145.91,84.03,12.35,12.53,12.43,8.98,8.18,5.58,4.28,1.76,-1.6,-6.19,-7.05,-8.28,-5.12,0.08,0.6,7.99,7.8,7.75,6.61,6.01,5.1,3.74,4.92,3.68,2.83,2.85,2.44,3.76,4.49,5.35,,0
64,Range Resources Corp,United States,No,,,Yes,,,,,Yes,,,14.08,58.38,54.28,34.19,27.16,31.85,42.24,61.23,61.17,1453.65,,,,476.17,65.89,39.09,9.51,9.3,13.62,21.44,21.04,10.46,-3.6,-22.96,-27.11,-32.21,-15.97,-12.77,-6.24,0.91,-0.89,6.83,9.67,10.43,11.12,11.61,7.52,0.75,-7.62,-10.38,-13.98,-6.82,-2.37,1.02,5.09,3.05,,0
65,Encana Corp,Canada,Yes,,14.0,Yes,,,,Yes (TSX),,,,13.5,15.23,23.14,21.16,17.47,,,,,,,39.3,56.15,135.03,31.07,,15.76,5.35,39.47,45.74,21.27,-4.27,-53.71,-65.17,-51.09,-44.45,-19.69,-15.36,-2.23,13.65,,14.13,7.15,27.22,28.15,19.78,8.16,-21.15,-25.89,-25.11,-21.46,-13.63,-12.09,-0.27,8.63,,,2016
66,Crescent Point Energy Corp,Canada,Yes,,,Yes,,,,Yes (TSX),,,,13.37,49.55,43.14,43.79,52.87,,,,,41.8,81.83,55.29,,,139.65,57.17,2.08,2.28,3.97,5.45,4.67,0.93,-3.53,-8.58,-9.17,-8.85,-7.78,-9.46,-7.45,-4.33,-5.98,4.02,4.2,4.13,1.91,0.58,-1.44,-4.83,-5.76,-5.89,-4.84,-2.55,-2.7,-2.12,-2.01,-3.36,,2016
67,Cameron International Corp,United States,No,,13.5,Yes,,,,,,,,13.19,20.41,20.34,17.77,11.97,10.43,12.51,14.72,16.14,,,,,,,,12.34,12.63,13.75,15.59,16.15,14.13,13.67,11.0,,,,,,,,8.35,8.21,9.3,9.98,4.94,4.59,4.57,3.36,,,,,,,,,0
68,Kunlun Energy Co Ltd,Bermuda,No,Yes,,,,,,,,,Yes (Main),13.04,,,,,,,,,,,,,,,,,,,,,,,,,,,,,,,,,,,,,,,,,,,,,,,0
69,Galp Energia Sgps Sa-b Shrs,Portugal,Yes,,14.0,,Yes - Lisbon,Yes,,,,,,12.56,73.74,46.14,91.93,,,,,73.93,88.4,173.76,96.53,65.7,31.9,27.29,26.19,2.6,4.48,2.21,-3.58,-4.51,-3.62,-2.67,2.5,2.11,1.22,2.25,3.68,7.63,8.57,10.41,2.52,3.38,2.24,-2.07,-3.03,-2.29,-1.77,1.72,2.55,1.72,2.21,3.14,4.44,4.74,5.73,,2015
70,Oneok Partners Lp,United States,No,,13.0,Yes,,,,,,,,12.07,19.28,21.55,21.54,15.35,21.43,18.95,16.94,21.89,18.73,22.56,21.0,19.35,23.63,,,13.22,12.06,10.25,10.34,7.91,7.03,7.34,3.17,4.81,5.53,5.98,10.41,10.78,,,9.8,9.59,9.45,9.35,8.33,8.16,8.12,7.33,8.05,8.41,8.68,9.34,9.27,,,,0
71,Fmc Technologies Inc,United States,No,,13.5,Yes,,,,,,,,11.69,,,,,,,,,,,,,,,,,,,,,,,,,,,,,,,,,,,,,,,,,,,,,,,0
72,Tullow Oil Plc,Great Britain,Yes,,10.0,,"Yes - Irish, London (LSE)",Yes,,,,,,11.64,,,,,,,,,,,,,,,,,,,,,,,,,,,,,,,,,,,,,,,,,,,,,,,2015
73,Ensco Plc-spon Adr,Great Britain,No,,,Yes,,Yes,,,,,,11.56,8.63,10.87,7.7,5.61,3.86,3.62,2.48,3.28,2.56,2.86,3.85,6.01,11.17,37.81,,11.07,-1.25,-0.81,-37.22,-36.2,-24.07,-24.83,-21.83,-23.09,-17.21,-19.26,11.86,9.07,0.63,-0.73,8.76,4.83,5.15,-15.71,-15.21,-11.61,-11.88,-9.53,-10.47,-9.77,-11.68,6.16,-102.66,-105.89,-112.55,,0
74,Santos Ltd,Australia,No,,11.5,,,,,,Yes,,,11.45,,,,,,,,,,,,,,,,,,,,,,,,,,,,,,,,,,,,,,,,,,,,,,,0
75,Jx Holdings Inc,Japan,No,,14.0,,,,,,,,,11.44,5.24,5.69,6.74,11.54,15.76,35.93,,,,,,,,,,12.33,11.67,10.19,5.25,4.16,1.67,-7.72,-13.62,-11.65,-17.16,-13.75,-16.21,-17.97,-12.73,-4.24,5.54,5.19,4.28,2.27,1.76,0.86,-2.74,-4.88,-3.95,-6.01,-4.46,-2.7,-3.52,-1.54,1.46,,0
76,Tatneft-sponsored Adr,Russia,Yes,Yes,14.0,,Yes - London (LSE),,,,,,,11.41,,,,,,,,,,,,,,,,,,,,,,,,,,,,,,,,,,,,,,,,,,,,,,,2015
77,Talisman Energy Inc,Canada,Yes,,14.0,Yes,,,,Yes (TSX),,,,10.9,,,,,,,,,,,,,,,,,,,,,,,,,,,,,,,,,,,,,,,,,,,,,,,2016
78,Technip Sa,France,Yes,,14.0,,Yes - Paris,Yes,,,,,,10.75,17.54,18.93,16.33,13.54,14.97,,,639.13,149.1,12.14,13.09,34.2,,,,12.45,12.15,11.49,10.25,10.39,-0.21,0.53,1.01,1.59,11.21,11.39,6.02,,,,9.64,9.38,8.39,7.76,8.06,1.16,1.83,2.08,2.53,9.25,8.87,3.4,,,,,2015
79,Sk Innovation Co Ltd,Korea,No,,,,,,,,,,,10.68,20.52,41.33,,,,32.8,17.49,12.68,13.15,10.48,10.33,8.17,7.91,9.0,,3.51,1.61,-0.7,-3.82,-2.46,1.46,2.85,5.21,6.81,6.79,7.94,10.0,11.68,9.43,,2.31,1.91,0.91,0.1,0.54,2.31,3.52,2.89,4.51,4.79,5.02,8.12,8.41,6.59,,,0
80,Bashneft-cls,Russia,No,,,,,,,,,,,10.52,7.54,8.65,3.71,5.16,8.16,7.64,5.89,5.19,6.7,8.3,13.65,11.56,13.01,9.18,,16.41,19.45,22.21,16.86,15.4,18.85,19.84,27.0,26.67,26.11,17.34,21.23,18.01,17.44,,15.09,17.04,16.75,15.06,13.92,15.53,15.98,17.98,18.02,17.2,13.62,16.45,16.61,16.1,,,0
81,Murphy Oil Corp,United States,No,,13.5,Yes,,,,,,,Yes (Main),10.33,11.89,14.65,13.23,15.84,34.95,6416.11,,,,,,,,,,10.53,7.36,7.0,10.55,8.92,6.55,-18.13,-32.72,-36.62,-36.49,-14.38,-5.4,-0.37,-0.77,,7.58,6.49,6.97,9.25,8.64,6.49,-10.09,-21.34,-24.19,-24.53,-8.2,-2.42,0.81,-0.11,,,0
82,Concho Resources Inc,United States,No,,,Yes,,,,,,,,10.26,31.67,36.78,32.79,36.62,55.53,78.69,123.82,101.85,210.18,331.19,377.41,185.25,98.17,78.24,77.24,8.48,5.69,11.62,11.83,9.11,5.93,3.45,1.05,-15.8,-18.73,-20.08,-20.08,2.76,8.47,7.05,6.99,7.22,7.07,1.63,1.11,0.37,-0.63,1.87,-7.69,-11.01,-10.06,-8.2,4.17,8.01,7.85,,0
83,Weatherford Intl Ltd,Switerland,Yes,,14.0,Yes,Yes - Paris,,,,,,,10.24,,,,,,,,,,,,,,,,,,,,,,,,,,,,,,,,,,,,,,,,,,,,,,,2015
84,Saipem-rcv,Italy,Yes,,12.5,,Yes - Italy,Yes,,,,,,10.13,201.3,15.63,13.99,,,,,,,9.18,,,,,,,12.01,,-5.23,,-31.91,,-21.18,,3.23,,-50.05,,-37.91,,,6.51,,-1.14,,-10.9,,-6.94,,2.64,,-22.39,,-23.0,,,2015
85,Cairn India Ltd,India,No,,,,,,,,,,,9.94,4.88,4.9,5.17,5.12,6.7,6.37,5.86,8.97,8.75,14.85,41.22,,,,,,22.85,,23.65,,16.46,,7.7,,3.25,,-18.73,,-17.85,,,18.82,,20.57,,16.88,,7.03,,1.17,,-6.4,,-7.04,,,0
86,Oil Search Ltd,Papua New Guinea,No,,12.5,,,,,,Yes,,,9.56,,,,,,,,,,,,,,,,,,,,,,,,,,,,,,,,,,,,,,,,,,,,,,,0
87,Indian Oil Corporation Ltd,India,No,Yes,14.0,,,,,,,,,9.4,,,,,,,,,,,,,,,,,,,,,,,,,,,,,,,,,,,,,,,,,,,,,,,0
88,Enbridge Energy Partners Lp,United States,No,,12.0,Yes,,,,,,,,9.31,83.84,108.54,87.34,56.72,47.69,39.3,30.21,34.52,33.65,37.13,38.95,35.11,26.61,25.51,21.15,1.1,-0.06,0.01,5.13,5.51,2.15,3.31,-2.24,-3.66,0.8,-13.27,-11.73,-11.09,-11.45,,5.02,4.69,5.42,7.51,7.49,6.01,5.97,4.09,4.21,6.14,1.61,2.14,1.9,1.93,,,0
89,Kinder Morgan Management Llc,United States,No,,,Yes,,,,,,,,9.28,37.6,50.18,50.27,,,,,,,,,,,,,,,,,,,,,,,,,,,,,,,,,,,,,,,,,,,,0
90,Helmerich & Payne,United States,No,,,Yes,,,,,,,,9.04,14.5,18.27,19.2,16.08,10.98,12.06,16.52,17.26,47.53,,,,,,,17.53,17.46,15.36,15.18,15.55,14.78,12.48,8.55,4.75,2.04,-0.25,-1.24,-2.36,-3.94,-4.01,14.19,13.93,14.03,12.66,14.59,13.46,11.73,7.34,4.7,2.2,0.07,-0.34,-1.4,-2.9,-2.96,,0
91,Hollyfrontier Corp,United States,No,,13.0,Yes,,,,,,,,8.89,16.92,17.51,14.72,23.6,20.54,14.97,16.36,10.46,12.59,13.46,20.93,18.59,19.49,30.17,17.66,8.98,7.66,9.3,10.39,11.54,14.68,15.15,18.94,15.22,0.9,-1.47,-5.26,-6.78,3.0,,8.39,6.96,8.29,8.72,9.85,12.48,12.75,15.84,12.72,2.11,0.52,-1.89,-2.99,,,,0
92,Ypf S.A.-sponsored Adr,Argentina,No,Yes,14.0,Yes,,,,,,,,8.8,18.26,16.89,22.95,13.73,15.77,15.36,10.97,18.85,29.88,279.32,,,,,,14.05,15.34,17.23,14.92,11.84,12.34,9.77,4.74,3.22,0.37,-31.85,-23.61,-23.18,-21.43,,4.77,5.68,6.81,7.22,6.57,6.49,5.28,3.33,2.04,-1.01,-13.06,-9.93,-7.9,-5.99,,,0
93,Canadian Oil Sands Ltd,Canada,Yes,,14.0,,,,,Yes (TSX),,,,8.75,13.56,14.93,16.02,11.09,46.9,,,,,,,,,,,17.84,16.8,13.36,9.97,2.24,-4.54,-10.83,,,,,,,,,11.69,9.56,8.35,6.88,2.9,-0.46,-2.95,,,,,,,,,,2016
94,Arc Resources Ltd,Canada,Yes,,,,,,,Yes (TSX),,,,8.11,38.1,27.56,27.73,31.69,80.68,,,,,281.51,76.3,54.45,54.56,23.69,,6.61,8.07,8.1,10.96,9.64,4.18,-4.98,-9.88,-7.57,-7.97,-0.61,5.86,7.99,13.21,,6.83,8.25,8.58,6.84,4.11,1.39,-5.24,-5.7,-4.94,-4.47,0.71,4.2,4.81,6.37,,,2016
95,Noble Energy Inc,United States,No,,,Yes,,,,,,,,7.9,24.88,25.96,27.34,19.16,28.73,37.81,86.35,90.0,,,,,,151.91,,10.25,7.93,9.95,12.44,9.57,6.65,-0.11,-23.6,-25.29,-27.85,-25.22,-10.15,-6.98,-19.35,-19.61,6.71,7.45,6.03,4.02,2.72,1.37,-1.15,-11.29,-12.39,-13.81,-11.37,-2.1,-1.22,-9.09,-8.73,,0
96,Noble Corp,Switerland,No,,14.0,Yes,,,,,,,,7.86,14.28,13.28,8.37,6.45,5.31,6.4,4.27,4.06,4.73,2.9,3.35,4.87,8.44,,,10.73,11.32,10.12,0.03,-1.02,-1.98,0.55,7.48,6.36,8.44,2.95,-15.17,-22.05,-28.11,,5.44,5.8,6.43,0.85,1.04,0.57,1.99,6.0,5.57,6.79,3.8,-6.04,-10.03,-13.82,,,0
97,Linn Energy Llc-units,United States,No,,,Yes,,,,,,,,7.72,,,,,,,,,,,,,,,,,,,,,,,,,,,,,,,,,,,,,,,,,,,,,,,0
98,S-oil Corporation,Korea,No,,,,,,,,,,,7.21,42.81,25.65,,,,30.45,22.52,14.64,13.36,10.15,8.72,8.18,10.03,13.98,,3.08,4.73,-0.79,-5.44,-1.9,4.6,5.92,11.88,15.29,14.39,18.08,19.82,19.14,12.42,,0.87,-0.48,-0.8,-2.1,-0.5,5.1,5.4,7.18,9.16,8.86,9.07,12.03,10.23,6.84,,,0
99,Gail India Ltd,India,No,Yes,14.0,,,,,,,,,7.2,,,,,,,,,,,,,,,,,,,,,,,,,,,,,,,,,,,,,,,,,,,,,,,0
