region,country,EITI,YR_EITIannounce,YR_EITIcandidacy,YR_EITIcompliance,YR_EITIprogress,YR_EITIsuspended,YR_EITIreinstated,YR_EITIsusp1,YR_EITIsusp2,YR_EITIsusp3,YR_EITIsusp4,EITI_suspcount,notes,link,countrycode,indicatorname,indicatorcode,yrpctgdp_1960,yrpctgdp_1961,yrpctgdp_1962,yrpctgdp_1963,yrpctgdp_1964,yrpctgdp_1965,yrpctgdp_1966,yrpctgdp_1967,yrpctgdp_1968,yrpctgdp_1969,yrpctgdp_1970,yrpctgdp_1971,yrpctgdp_1972,yrpctgdp_1973,yrpctgdp_1974,yrpctgdp_1975,yrpctgdp_1976,yrpctgdp_1977,yrpctgdp_1978,yrpctgdp_1979,yrpctgdp_1980,yrpctgdp_1981,yrpctgdp_1982,yrpctgdp_1983,yrpctgdp_1984,yrpctgdp_1985,yrpctgdp_1986,yrpctgdp_1987,yrpctgdp_1988,yrpctgdp_1989,yrpctgdp_1990,yrpctgdp_1991,yrpctgdp_1992,yrpctgdp_1993,yrpctgdp_1994,yrpctgdp_1995,yrpctgdp_1996,yrpctgdp_1997,yrpctgdp_1998,yrpctgdp_1999,yrpctgdp_2000,yrpctgdp_2001,yrpctgdp_2002,yrpctgdp_2003,yrpctgdp_2004,yrpctgdp_2005,yrpctgdp_2006,yrpctgdp_2007,yrpctgdp_2008,yrpctgdp_2009,yrpctgdp_2010,yrpctgdp_2011,yrpctgdp_2012,yrpctgdp_2013,yrpctgdp_2014,yrpctgdp_2015,yrpctgdp_2016,yrgdp_1960,yrgdp_1961,yrgdp_1962,yrgdp_1963,yrgdp_1964,yrgdp_1965,yrgdp_1966,yrgdp_1967,yrgdp_1968,yrgdp_1969,yrgdp_1970,yrgdp_1971,yrgdp_1972,yrgdp_1973,yrgdp_1974,yrgdp_1975,yrgdp_1976,yrgdp_1977,yrgdp_1978,yrgdp_1979,yrgdp_1980,yrgdp_1981,yrgdp_1982,yrgdp_1983,yrgdp_1984,yrgdp_1985,yrgdp_1986,yrgdp_1987,yrgdp_1988,yrgdp_1989,yrgdp_1990,yrgdp_1991,yrgdp_1992,yrgdp_1993,yrgdp_1994,yrgdp_1995,yrgdp_1996,yrgdp_1997,yrgdp_1998,yrgdp_1999,yrgdp_2000,yrgdp_2001,yrgdp_2002,yrgdp_2003,yrgdp_2004,yrgdp_2005,yrgdp_2006,yrgdp_2007,yrgdp_2008,yrgdp_2009,yrgdp_2010,yrgdp_2011,yrgdp_2012,yrgdp_2013,yrgdp_2014,yrgdp_2015,yrgdp_2016,rq_est_1996,rq_se_1996,rq_numsrc_1996,rq_rank_1996,rq_min_1996,rq_max_1996,rq_est_1998,rq_se_1998,rq_numsrc_1998,rq_rank_1998,rq_min_1998,rq_max_1998,rq_est_2000,rq_se_2000,rq_numsrc_2000,rq_rank_2000,rq_min_2000,rq_max_2000,rq_est_2002,rq_se_2002,rq_numsrc_2002,rq_rank_2002,rq_min_2002,rq_max_2002,rq_est_2003,rq_se_2003,rq_numsrc_2003,rq_rank_2003,rq_min_2003,rq_max_2003,rq_est_2004,rq_se_2004,rq_numsrc_2004,rq_rank_2004,rq_min_2004,rq_max_2004,rq_est_2005,rq_se_2005,rq_numsrc_2005,rq_rank_2005,rq_min_2005,rq_max_2005,rq_est_2006,rq_se_2006,rq_numsrc_2006,rq_rank_2006,rq_min_2006,rq_max_2006,rq_est_2007,rq_se_2007,rq_numsrc_2007,rq_rank_2007,rq_min_2007,rq_max_2007,rq_est_2008,rq_se_2008,rq_numsrc_2008,rq_rank_2008,rq_min_2008,rq_max_2008,rq_est_2009,rq_se_2009,rq_numsrc_2009,rq_rank_2009,rq_min_2009,rq_max_2009,rq_est_2010,rq_se_2010,rq_numsrc_2010,rq_rank_2010,rq_min_2010,rq_max_2010,rq_est_2011,rq_se_2011,rq_numsrc_2011,rq_rank_2011,rq_min_2011,rq_max_2011,rq_est_2012,rq_se_2012,rq_numsrc_2012,rq_rank_2012,rq_min_2012,rq_max_2012,rq_est_2013,rq_se_2013,rq_numsrc_2013,rq_rank_2013,rq_min_2013,rq_max_2013,rq_est_2014,rq_se_2014,rq_numsrc_2014,rq_rank_2014,rq_min_2014,rq_max_2014,rq_est_2015,rq_se_2015,rq_numsrc_2015,rq_rank_2015,rq_min_2015,rq_max_2015,rq_est_2016,rq_se_2016,rq_numsrc_2016,rq_rank_2016,rq_min_2016,rq_max_2016,cc_est_1996,cc_se_1996,cc_numsrc_1996,cc_rank_1996,cc_min_1996,cc_max_1996,cc_est_1998,cc_se_1998,cc_numsrc_1998,cc_rank_1998,cc_min_1998,cc_max_1998,cc_est_2000,cc_se_2000,cc_numsrc_2000,cc_rank_2000,cc_min_2000,cc_max_2000,cc_est_2002,cc_se_2002,cc_numsrc_2002,cc_rank_2002,cc_min_2002,cc_max_2002,cc_est_2003,cc_se_2003,cc_numsrc_2003,cc_rank_2003,cc_min_2003,cc_max_2003,cc_est_2004,cc_se_2004,cc_numsrc_2004,cc_rank_2004,cc_min_2004,cc_max_2004,cc_est_2005,cc_se_2005,cc_numsrc_2005,cc_rank_2005,cc_min_2005,cc_max_2005,cc_est_2006,cc_se_2006,cc_numsrc_2006,cc_rank_2006,cc_min_2006,cc_max_2006,cc_est_2007,cc_se_2007,cc_numsrc_2007,cc_rank_2007,cc_min_2007,cc_max_2007,cc_est_2008,cc_se_2008,cc_numsrc_2008,cc_rank_2008,cc_min_2008,cc_max_2008,cc_est_2009,cc_se_2009,cc_numsrc_2009,cc_rank_2009,cc_min_2009,cc_max_2009,cc_est_2010,cc_se_2010,cc_numsrc_2010,cc_rank_2010,cc_min_2010,cc_max_2010,cc_est_2011,cc_se_2011,cc_numsrc_2011,cc_rank_2011,cc_min_2011,cc_max_2011,cc_est_2012,cc_se_2012,cc_numsrc_2012,cc_rank_2012,cc_min_2012,cc_max_2012,cc_est_2013,cc_se_2013,cc_numsrc_2013,cc_rank_2013,cc_min_2013,cc_max_2013,cc_est_2014,cc_se_2014,cc_numsrc_2014,cc_rank_2014,cc_min_2014,cc_max_2014,cc_est_2015,cc_se_2015,cc_numsrc_2015,cc_rank_2015,cc_min_2015,cc_max_2015,cc_est_2016,cc_se_2016,cc_numsrc_2016,cc_rank_2016,cc_min_2016,cc_max_2016
Asia&Oceania,Afghanistan,1,2009,2010,,,0,,,,,,0,multiple validation attempts,https://eiti.org/afghanistan#implementation-,AFG,"Foreign direct investment, net inflows (% of GDP)",BX.KLT.DINV.WD.GD.ZS,,,,,,,,,,,0.0131512,0.0245753,0.0094011,0.0155769,,,0.0015652,-0.0081264,,0.0324505,0.2471357,0.0051742,,,,,,,,,,,,,,,,,,,,0.0276236,1.210999,1.261005,3.536112,4.318675,3.372252,1.916833,0.4517306,1.581754,0.3400968,0.3213613,0.2299646,0.187758,0.2170063,0.8278065,0.5084782,,,,,,,,,,,230000,450000,150000,270000,,,40000,-240000,,1200000,9000000,180000,100000,,,,,400000,,,,-280000,360000,-20000,20000,-93326.667,690000,-1460000,-10000,6040000,170000,680000,50000000,57800000,1.87E+08,2.71E+08,2.38E+08,1.89E+08,46033740,1.98E+08,54200551,57620844,47226788,37638586,43510167,1.63E+08,98995722,-2.09,0.39,1,1.63,0,5.98,-2.09,0.45,1,2.59,0,7.77,-2.11,0.43,1,1.54,0,8.21,-1.8,0.31,2,3.06,0,7.14,-1.43,0.24,2,5.61,2.55,15.31,-1.51,0.22,4,5.42,1.97,11.82,-1.64,0.18,4,3.43,1.47,8.33,-1.67,0.22,5,2.94,1.96,8.82,-1.69,0.24,4,2.91,1.94,8.74,-1.62,0.21,5,3.4,2.43,7.77,-1.67,0.19,6,3.35,1.91,5.74,-1.53,0.19,6,5.26,2.39,8.13,-1.54,0.18,6,4.27,2.37,9,-1.19,0.18,8,10.9,4.74,21.8,-1.19,0.18,9,10.9,5.69,21.8,-1.12,0.19,9,11.06,5.29,24.52,-1,0.19,9,14.42,6.73,27.88,-1.33,0.2,9,7.21,3.85,12.98,-1.29,0.34,2,4.3,0,27.42,-1.18,0.33,2,9.79,0,31.44,-1.3,0.36,2,5.08,0,29.44,-1.26,0.36,2,5.05,0,31.82,-1.35,0.28,3,5.05,0,18.18,-1.35,0.21,5,5.85,0,14.15,-1.44,0.21,5,2.44,0,13.17,-1.43,0.21,7,3.9,0,12.2,-1.59,0.23,6,0.97,0,7.28,-1.64,0.22,7,0.49,0,4.85,-1.53,0.2,8,0.96,0,7.66,-1.64,0.2,9,0.95,0,3.81,-1.58,0.19,9,0.95,0,5.69,-1.42,0.19,10,2.37,0,11.85,-1.44,0.16,11,1.9,0,9.95,-1.35,0.16,11,5.29,0.48,12.5,-1.34,0.16,11,6.25,1.44,12.5,-1.56,0.18,10,3.37,0,8.65
Africa,Angola,0,,,,,0,,,,,,0,,,AGO,"Foreign direct investment, net inflows (% of GDP)",BX.KLT.DINV.WD.GD.ZS,,,,,,,,,,,,,,,,,,,,,,,,,,4.15888,3.50064,1.78024,1.95976,1.994667,-3.339072,5.483302,5.06582,5.723561,4.195251,9.374384,2.398994,5.382318,17.28414,40.16725,9.623866,24.00912,13.95099,25.20956,11.18703,-4.618014,-0.0902497,-1.477846,1.994548,2.921219,-3.913151,-2.904235,-5.977515,-5.700024,1.515813,9.015118,4.579134,,,,,,,,,,,2400000,1860000,2160000,7540000,6690000,50000,-1170000,,1870000,2000000,37420000,49050000,1.16E+08,1.04E+08,67140000,2.78E+08,2.34E+08,1.19E+08,1.31E+08,2.00E+08,-3.35E+08,6.65E+08,2.88E+08,3.02E+08,1.70E+08,4.72E+08,1.81E+08,4.12E+08,1.11E+09,2.47E+09,8.79E+08,2.15E+09,1.74E+09,3.58E+09,2.20E+09,-1.30E+09,-37714860,-8.93E+08,1.68E+09,2.21E+09,-3.23E+09,-3.02E+09,-6.90E+09,-7.12E+09,1.92E+09,9.28E+09,4.10E+09,-1.42,0.31,4,7.61,1.63,20.11,-1.69,0.27,6,5.7,1.55,9.84,-1.8,0.26,5,4.1,0,8.72,-1.46,0.22,6,6.63,2.55,12.24,-1.21,0.18,7,11.22,3.57,18.37,-1.25,0.18,8,9.85,4.93,16.26,-1.26,0.16,8,10.29,4.41,16.67,-1.13,0.18,9,13.24,6.86,21.08,-1.02,0.18,8,16.5,6.31,22.33,-1.07,0.18,8,16.02,6.31,21.36,-1.03,0.17,9,15.31,5.74,24.4,-1.04,0.16,10,16.27,7.18,23.44,-1.1,0.16,10,12.32,6.64,22.27,-0.97,0.18,9,18.48,9,27.49,-1.05,0.18,10,15.64,7.58,24.17,-0.99,0.18,10,16.83,7.69,27.4,-0.91,0.18,9,17.79,9.62,28.85,-1,0.18,9,13.46,7.69,25,-1.17,0.26,4,9.68,0.54,27.42,-1.41,0.21,6,1.55,0,13.4,-1.52,0.22,6,1.52,0,8.12,-1.18,0.2,6,6.57,0,24.24,-1.32,0.18,8,5.56,0,11.62,-1.31,0.16,10,7.8,0.98,14.15,-1.3,0.18,9,7.32,0.49,16.59,-1.22,0.17,11,7.8,1.95,18.05,-1.29,0.18,10,5.83,0.49,17.96,-1.28,0.18,11,4.85,0.97,15.53,-1.4,0.17,12,2.39,0,11.96,-1.33,0.16,13,3.81,0.95,13.81,-1.34,0.15,13,4.27,0,13.74,-1.27,0.16,12,7.11,0,15.64,-1.31,0.15,13,6.16,0.47,12.32,-1.44,0.15,12,3.85,0,9.13,-1.39,0.15,10,3.85,0.48,11.06,-1.41,0.16,10,5.77,0.48,10.58
America,Bolivia,0,,,,,0,,,,,,0,,,BOL,"Foreign direct investment, net inflows (% of GDP)",BX.KLT.DINV.WD.GD.ZS,,,,,,,,,,,1.943035,0.173444,1.28855,0.3642069,2.106083,2.561528,-0.296477,-0.0371812,0.3059959,1.515376,2.005515,2.527324,1.094006,0.2397349,0.2107146,0.3533387,0.5051296,1.559353,-0.2196791,-0.51739,0.5587989,0.9731861,1.64957,2.158797,2.176804,5.847909,6.409384,9.218144,11.17146,12.19663,8.76825,8.668583,8.557894,2.442354,0.7457726,-2.49888,2.451682,2.791843,3.072602,2.439678,3.165444,3.584442,3.91355,5.706622,1.989825,1.680728,0.982864,,,,,,,,,,,19764000,1900000,16205000,4600000,44233000,61597000,-8100000,-1200000,11500000,67000000,91000000,1.49E+08,61200000,13000000,13000000,19000000,20000000,67800000,-10100000,-24400000,27200000,52000000,93100000,1.24E+08,1.30E+08,3.93E+08,4.74E+08,7.31E+08,9.49E+08,1.01E+09,7.36E+08,7.06E+08,6.77E+08,1.97E+08,65430000,-2.39E+08,2.81E+08,3.66E+08,5.12E+08,4.23E+08,6.22E+08,8.59E+08,1.06E+09,1.75E+09,6.57E+08,5.55E+08,3.32E+08,0,0.31,4,54.35,28.8,66.3,0.19,0.3,5,59.59,37.31,73.58,0.04,0.25,6,55.9,35.38,66.67,-0.06,0.21,7,52.55,38.27,61.73,-0.08,0.18,7,52.55,39.8,59.69,-0.2,0.18,8,47.78,33,57.64,-0.69,0.16,8,25.49,18.14,38.24,-0.89,0.19,9,19.61,12.25,28.92,-0.98,0.19,9,16.99,8.25,25.24,-0.87,0.19,9,18.93,12.14,31.07,-0.88,0.18,9,21.05,10.05,29.67,-0.8,0.17,9,23.44,13.88,33.49,-0.76,0.17,10,24.17,15.64,35.07,-0.82,0.18,10,22.75,11.85,32.23,-0.78,0.18,10,24.17,14.22,34.12,-0.87,0.19,10,20.67,10.1,31.25,-0.89,0.18,10,19.23,10.1,29.81,-0.92,0.19,10,17.31,9.13,27.88,-0.82,0.26,4,25.27,6.45,41.94,-0.36,0.22,5,44.33,30.93,54.64,-0.46,0.21,6,37.06,26.4,53.81,-0.9,0.19,7,21.72,6.06,32.32,-0.82,0.18,8,23.23,10.1,35.35,-0.78,0.16,12,24.88,14.15,35.61,-0.74,0.17,12,24.88,16.59,40.98,-0.43,0.15,14,39.02,28.78,52.68,-0.4,0.16,14,39.81,28.64,53.88,-0.52,0.16,14,35.92,23.79,48.54,-0.63,0.16,14,28.71,20.1,43.06,-0.47,0.16,15,39.05,25.71,52.38,-0.57,0.15,16,34.12,21.33,46.92,-0.73,0.14,16,27.01,17.06,37.44,-0.59,0.14,15,34.6,21.8,44.08,-0.63,0.14,14,30.29,20.19,42.79,-0.7,0.14,14,26.92,17.31,38.46,-0.71,0.14,14,26.92,14.42,36.54
Africa,Cameroon,1,2005,2007,2013,,0,,,,,,0,,https://eiti.org/cameroon#implementation-,CMR,"Foreign direct investment, net inflows (% of GDP)",BX.KLT.DINV.WD.GD.ZS,,,,,,,,,,,,,,,,,,0.2587515,0.919483,1.06858,1.926015,1.772982,1.521803,2.896578,0.2264544,3.880957,-0.8539573,0.9422984,0.7392969,-0.7696052,-1.011797,-0.1165966,0.2562564,0.0378413,-0.0976706,0.083502,1.041024,0.7960489,2.23378,-0.1477596,1.715355,-0.1210221,4.622171,2.452975,0.4301837,1.46797,0.3290233,0.9266489,0.0896606,3.178994,2.267935,2.453846,1.992267,1.850847,2.261687,2.442493,0.5296644,,,,,,,,,,,,,,,,,,8710528.9,40548471,62099934,1.30E+08,1.35E+08,1.11E+08,2.14E+08,17667656,3.16E+08,-90700158,1.16E+08,92362479,-85734447,-1.13E+08,-14498050,29203776,5120733.1,-9005687.5,7292420.1,1.01E+08,78335616,2.15E+08,-15494743,1.59E+08,-11658187,5.03E+08,3.34E+08,67863015,2.44E+08,59069773,1.89E+08,20910876,7.43E+08,5.36E+08,6.52E+08,5.27E+08,5.47E+08,7.25E+08,6.94E+08,1.28E+08,-1.12,0.31,4,13.04,4.89,25,-0.62,0.27,6,25.39,13.47,43.01,-0.59,0.25,6,26.67,13.85,42.56,-0.87,0.21,7,20.41,10.71,32.65,-0.84,0.18,8,19.39,13.27,30.61,-0.69,0.18,8,24.63,15.27,38.92,-0.93,0.16,9,19.12,11.76,25.49,-0.85,0.17,10,21.08,12.75,29.9,-0.85,0.17,10,20.39,12.62,30.1,-0.83,0.17,10,20.39,14.56,32.04,-0.76,0.16,10,24.4,15.31,33.97,-0.74,0.16,10,24.88,17.7,35.41,-0.81,0.16,11,23.22,13.74,31.75,-0.93,0.17,11,21.33,10.43,27.96,-0.94,0.17,11,18.96,9.95,26.54,-0.88,0.17,11,19.71,10.1,29.81,-0.92,0.17,11,16.83,10.1,28.37,-0.79,0.17,11,23.08,12.02,31.25,-1.33,0.26,4,3.76,0,18.82,-1.22,0.21,6,7.73,0.52,22.16,-1.19,0.22,6,7.11,0,25.38,-1.17,0.2,6,7.58,0,24.24,-0.98,0.18,8,14.65,5.56,28.79,-1.11,0.17,9,11.71,3.41,21.95,-1.18,0.16,10,11.22,1.95,18.05,-1.09,0.15,12,13.66,5.37,20,-1.02,0.15,13,16.5,6.8,23.3,-1.02,0.15,13,15.53,4.85,24.27,-1,0.16,13,17.22,5.74,24.88,-1.06,0.16,13,14.29,3.81,21.9,-1.15,0.14,15,12.32,3.32,18.96,-1.26,0.14,15,8.06,0.95,15.17,-1.21,0.13,15,9.95,1.9,16.11,-1.16,0.13,15,10.58,4.81,15.38,-1.07,0.13,15,12.98,7.69,19.23,-1.14,0.14,15,11.06,6.73,15.87
Africa,Chad,1,2007,2010,2014,,0,,,,,,0,,https://eiti.org/chad#implementation-,TCD,"Foreign direct investment, net inflows (% of GDP)",BX.KLT.DINV.WD.GD.ZS,,,,,,,,,,,,,,,,,,2.261541,3.064497,-0.1284456,-0.0416262,-0.0125437,-0.0143821,-0.0108119,0.9994808,5.193269,2.640921,0.7015541,0.0869587,1.307073,0.5406632,0.2258506,0.1041939,1.036111,2.294781,2.25542,2.455364,2.867498,1.243509,1.598058,8.31535,26.90303,46.4937,26.0413,10.57307,-1.494622,-3.751147,-3.723414,4.502841,4.051447,2.936842,2.318947,4.687821,4.01704,-4.852284,5.512269,5.831387,,,,,,,,,,,,,,,,,,21153560,34136051,-1290000,-430000,-110000,-120000,-90000,9186265.6,53650094,28200501,8162068.5,1289247.3,18739324,9400000,4239527.5,1960771,15160902,27074699,32611570,39466174,44293941,21696680,24524971,1.15E+08,4.60E+08,9.24E+08,7.13E+08,4.67E+08,-99342519,-2.78E+08,-3.22E+08,4.66E+08,3.75E+08,3.13E+08,2.82E+08,5.80E+08,5.20E+08,-6.76E+08,6.00E+08,5.60E+08,-1.23,0.36,2,10.33,2.17,25,-0.89,0.3,4,17.1,7.25,32.12,-0.75,0.28,4,20.51,11.28,37.95,-0.89,0.25,5,19.9,7.14,35.2,-0.91,0.2,6,18.88,10.2,28.06,-0.85,0.2,7,18.72,11.33,31.53,-1.24,0.17,7,10.78,4.41,18.63,-1.1,0.18,9,14.71,6.86,21.08,-1.13,0.18,9,13.11,5.83,20.87,-1.18,0.18,9,12.14,4.85,18.45,-1.06,0.17,9,14.83,5.74,23.92,-1.07,0.17,9,14.35,6.7,23.44,-1.03,0.17,9,16.11,8.06,24.17,-1.07,0.18,9,13.27,7.58,24.17,-0.99,0.18,9,17.06,8.53,26.07,-1.16,0.19,9,10.58,4.33,21.15,-1.21,0.18,9,9.13,4.33,16.83,-1.18,0.19,9,9.62,4.81,18.27,-1.38,0.34,2,3.23,0,25.27,-1.26,0.28,4,6.19,0,25.26,-1.11,0.27,4,11.17,0,30.96,-1.15,0.28,4,9.09,0,31.31,-1.37,0.21,6,4.04,0,11.11,-1.38,0.19,7,4.88,0,13.66,-1.51,0.19,7,1.46,0,10.73,-1.35,0.16,10,4.88,0.49,12.2,-1.38,0.16,10,3.88,0,10.68,-1.52,0.16,10,1.46,0,4.85,-1.4,0.17,10,2.87,0,11,-1.38,0.17,10,2.86,0.48,12.86,-1.33,0.17,10,4.74,0,15.17,-1.31,0.18,10,3.79,0,15.17,-1.35,0.18,11,4.27,0,12.32,-1.32,0.17,11,6.25,0.48,13.94,-1.36,0.17,11,5.29,0.48,12.02,-1.45,0.18,11,4.81,0,10.58
Africa,Equatorial Guinea,0,,,,,0,,,,,,0,delisted in 2010,https://eiti.org/equatorial-guinea,GNQ,"Foreign direct investment, net inflows (% of GDP)",BX.KLT.DINV.WD.GD.ZS,,,,,,,,,,,,,,,,,,,,,,-0.4900436,1.015924,1.170052,4.312322,3.927972,7.368397,1.799759,0.4973409,1.008609,9.876773,37.26105,4.467705,16.39252,16.85948,89.47562,161.8237,12.08387,74.1239,24.84169,14.77054,64.3841,17.89915,27.76057,7.729147,9.360005,4.654783,9.507021,-4.019629,10.88796,16.77451,9.259521,4.400504,2.656699,0.7821976,1.918456,0.5301341,,,,,,,,,,,,,,,,,,,-20000,,,-180000,450000,520000,2170000,2440000,5630000,1680000,500000,890258.97,11073779,41324759,6018320.2,22301676,16995533,1.27E+08,3.76E+08,53451528,2.75E+08,1.54E+08,1.55E+08,9.41E+08,3.23E+08,6.90E+08,3.41E+08,7.69E+08,4.70E+08,1.24E+09,-7.94E+08,1.64E+09,2.73E+09,1.98E+09,9.85E+08,5.83E+08,1.68E+08,2.33E+08,53962173,-1.44,0.34,2,6.52,1.63,21.2,-1.6,0.27,5,6.74,2.59,11.4,-1.68,0.25,5,6.15,2.05,9.74,-1.46,0.25,5,7.14,2.55,14.8,-1.36,0.21,5,8.16,2.55,16.84,-1.45,0.21,6,6.4,2.46,12.32,-1.43,0.18,6,6.86,1.96,12.25,-1.39,0.21,6,7.84,2.45,15.2,-1.31,0.21,5,7.77,2.91,16.99,-1.32,0.21,5,7.28,2.43,16.5,-1.28,0.21,5,7.18,3.35,20.57,-1.38,0.2,6,6.22,2.39,15.31,-1.33,0.2,6,7.58,2.84,17.54,-1.44,0.21,6,6.64,2.37,11.85,-1.43,0.2,6,6.64,2.37,13.27,-1.36,0.22,5,7.21,2.88,15.87,-1.35,0.21,5,5.77,2.4,13.94,-1.38,0.22,5,6.25,2.88,12.5,-1.26,0.28,3,6.45,0,25.27,-1.31,0.22,5,3.61,0.52,18.56,-1.55,0.22,5,1.02,0,7.11,-1.43,0.2,5,1.01,0,10.61,-1.52,0.22,5,1.01,0,9.6,-1.66,0.2,6,0.49,0,6.34,-1.61,0.2,6,0.49,0,7.32,-1.59,0.21,6,0.98,0,7.32,-1.5,0.22,5,2.43,0,9.22,-1.47,0.22,5,2.91,0,12.14,-1.47,0.22,5,1.91,0,12.44,-1.47,0.21,6,1.9,0,12.86,-1.46,0.21,6,1.9,0,12.8,-1.52,0.22,6,0.47,0,10.9,-1.59,0.22,7,0,0,9,-1.77,0.23,6,0,0,4.33,-1.77,0.22,6,0,0,3.37,-1.81,0.23,6,0,0,5.29
Africa,Gabon,0,,,,,0,,,,,,0,lost status as 'EITI candidate' in 2013,https://eiti.org/gabon,GAB,"Foreign direct investment, net inflows (% of GDP)",BX.KLT.DINV.WD.GD.ZS,,,,,,,,,,,,,,,,,,,2.366469,1.81663,0.7365627,1.413054,3.641181,3.297996,0.2281198,0.4518494,3.239162,2.73649,3.45679,-0.7293149,1.234111,-1.010365,2.269871,-2.59705,-2.376693,-6.342679,-8.589433,-5.843942,3.270435,-3.358829,5.486753,-2.004741,0.0218573,1.533961,4.047949,3.448206,2.637426,2.165168,4.984339,4.74922,3.475273,3.827019,4.848008,4.384089,5.562772,4.374485,4.947351,,,,,,,,,,,,,,,,,,,56546282,55048465,31522217,54575942,1.32E+08,1.12E+08,8124375.4,15091384,1.10E+08,89806045,1.33E+08,-30532121,73457902,-54589234,1.27E+08,-1.14E+08,-99602904,-3.15E+08,-4.89E+08,-3.11E+08,1.47E+08,-1.57E+08,2.78E+08,-1.01E+08,1160708.3,99666154,3.14E+08,3.26E+08,2.68E+08,2.69E+08,7.73E+08,5.73E+08,4.99E+08,6.96E+08,8.33E+08,7.71E+08,1.01E+09,6.24E+08,7.03E+08,0.14,0.31,4,60.33,36.96,70.11,0.18,0.27,6,58.55,39.9,72.02,-0.11,0.25,6,48.21,29.23,64.1,-0.16,0.23,6,47.45,32.14,61.22,-0.11,0.2,6,51.02,38.78,59.69,-0.46,0.19,7,35.96,21.18,49.26,-0.15,0.17,7,50.49,38.24,57.35,-0.41,0.19,8,39.22,22.55,51.47,-0.52,0.2,8,31.55,20.87,49.51,-0.63,0.19,8,29.13,16.99,44.17,-0.58,0.18,8,30.14,20.57,44.5,-0.55,0.18,8,33.01,21.53,43.54,-0.54,0.19,8,32.23,21.8,43.13,-0.59,0.2,9,30.81,21.33,43.6,-0.64,0.19,9,28.91,18.01,41.23,-0.79,0.2,8,25.96,10.58,33.65,-0.8,0.19,9,25,12.5,35.1,-0.8,0.19,9,21.63,11.06,32.69,-1.1,0.26,4,13.98,0.54,30.65,-0.96,0.21,6,18.56,3.09,31.96,-0.71,0.22,6,29.44,12.18,43.65,-0.59,0.2,6,32.83,20.2,47.47,-0.63,0.21,6,32.32,13.13,46.97,-0.85,0.19,7,21.95,10.73,34.63,-0.67,0.19,7,29.76,17.07,44.39,-0.97,0.17,9,18.05,6.83,28.78,-1.06,0.18,9,13.11,4.37,22.82,-1.08,0.17,9,13.59,3.88,21.84,-1,0.19,8,17.7,4.31,26.32,-0.87,0.18,8,20.48,10.95,32.38,-0.89,0.18,8,19.91,8.53,33.18,-0.7,0.16,10,28.44,17.06,40.76,-0.66,0.16,11,29.38,18.96,43.13,-0.69,0.16,10,28.37,15.38,40.87,-0.71,0.15,11,26.44,14.9,38.94,-0.75,0.16,11,24.52,13.46,36.54
Africa,Ghana,1,2003,2007,2010,2017,0,,,,,,0,,https://eiti.org/ghana#-implementation-,GHA,"Foreign direct investment, net inflows (% of GDP)",BX.KLT.DINV.WD.GD.ZS,,,,,,,,,,,,,,,,2.521967,-0.6603721,0.6025367,0.2647452,-0.0696478,0.3509381,0.3851741,0.4038658,0.059153,0.045328,0.1243245,0.075075,0.0926139,0.0961938,0.2856183,0.2513086,0.3031889,0.3508005,2.095116,4.2795,1.647297,1.730357,1.187002,2.237678,3.157,3.329303,1.680555,0.9556738,1.791715,1.568114,1.350866,3.116282,5.586607,9.517042,9.132936,7.855067,8.207967,7.855368,6.75033,8.709713,8.503023,8.164248,,,,,,,,,,,,,,,,70869955,-18260970,19217479,9696236.6,-2800000,15600000,16263752,16300000,2400000,2000000,5600000,4300000,4700000,5000000,15000000,14800000,20000000,22500000,1.25E+08,2.33E+08,1.07E+08,1.20E+08,81800000,1.67E+08,2.44E+08,1.66E+08,89320000,58930000,1.37E+08,1.39E+08,1.45E+08,6.36E+08,1.38E+09,2.72E+09,2.37E+09,2.53E+09,3.25E+09,3.30E+09,3.23E+09,3.36E+09,3.19E+09,3.49E+09,-0.34,0.31,4,38.04,21.2,61.96,-0.22,0.27,6,41.97,24.35,60.62,-0.07,0.25,6,51.79,31.79,64.1,-0.45,0.21,7,36.73,20.92,51.02,-0.26,0.18,8,46.43,30.1,55.1,-0.37,0.17,9,41.38,25.62,50.74,-0.13,0.16,9,51.96,42.65,57.35,-0.06,0.18,9,51.96,41.67,57.35,-0.05,0.18,9,52.43,41.75,58.25,-0.04,0.17,10,53.4,44.66,58.25,0.08,0.16,10,54.07,47.37,62.2,0.12,0.16,10,54.55,48.8,63.16,0.12,0.16,11,55.45,49.29,62.09,0.13,0.17,11,56.4,46.92,64.45,0.08,0.17,11,55.45,46.45,62.56,-0.01,0.17,11,53.37,42.79,62.5,-0.03,0.17,11,53.85,42.79,61.06,-0.23,0.17,11,45.67,31.25,53.85,-0.34,0.26,4,46.24,25.81,59.68,-0.26,0.21,6,46.91,31.96,58.76,-0.1,0.22,6,54.82,36.55,63.96,-0.33,0.19,7,44.44,32.32,57.58,-0.25,0.18,9,48.99,35.35,58.59,-0.25,0.16,11,50.24,35.61,56.1,-0.37,0.16,11,43.9,30.73,54.15,-0.02,0.16,13,56.59,46.34,62.44,0.04,0.16,13,58.25,50.97,65.05,-0.07,0.15,14,55.34,45.63,61.65,-0.01,0.15,15,59.33,50.24,65.07,0.01,0.15,15,57.62,50,63.81,-0.03,0.14,16,57.35,50.71,63.51,-0.13,0.13,16,54.98,45.5,60.66,-0.1,0.13,16,55.45,45.97,61.61,-0.19,0.13,15,52.4,42.79,57.69,-0.2,0.13,15,52.88,42.31,57.69,-0.17,0.14,15,50.96,42.31,60.58
America,Guatemala,1,2010,2011,2014,,1,1,2015,,,,1,*brief suspension in 2015,https://eiti.org/guatemala#implementation-,GTM,"Foreign direct investment, net inflows (% of GDP)",BX.KLT.DINV.WD.GD.ZS,,,,,,,,,,,,,,,,,,1.779035,2.095345,1.695013,1.405054,1.476619,0.8844786,0.4972375,0.4012671,0.6356944,0.9513322,2.120151,4.207048,0.9059862,0.6235192,0.9642681,0.9012683,1.250006,0.5021861,0.5131184,0.4905947,0.4744213,3.468853,0.843955,-4.088356,-5.007241,-4.894898,0.0889172,1.341107,1.984464,2.101468,2.51868,1.919184,1.84569,2.045542,2.391487,2.507794,2.512749,1.985216,1.843449,1.693201,,,,,,,,,,,,,,,,,,97500000,1.27E+08,1.17E+08,1.11E+08,1.27E+08,77100000,45000000,38000000,61800000,68800000,1.50E+08,3.30E+08,76200000,47700000,90700000,94100000,1.43E+08,65200000,75200000,76900000,84400000,6.73E+08,1.55E+08,-7.89E+08,-9.37E+08,-1.02E+09,19488618,3.21E+08,5.40E+08,6.35E+08,8.59E+08,7.51E+08,6.97E+08,8.46E+08,1.14E+09,1.26E+09,1.35E+09,1.17E+09,1.18E+09,1.16E+09,-0.31,0.29,5,39.67,22.83,61.41,0.07,0.3,5,55.96,31.61,69.43,-0.13,0.25,6,45.64,28.72,63.59,-0.16,0.21,7,48.47,34.18,59.18,-0.35,0.18,7,42.86,25,53.06,-0.2,0.18,8,48.28,33,57.64,-0.45,0.16,8,37.75,24.51,48.04,-0.25,0.19,9,46.08,30.39,54.9,-0.23,0.19,9,48.06,30.58,55.83,-0.18,0.19,9,50.49,35.44,55.34,-0.15,0.18,9,48.33,36.36,55.5,-0.15,0.17,9,48.33,35.89,54.55,-0.13,0.17,10,49.29,36.49,55.45,-0.17,0.18,10,46.92,35.07,55.92,-0.2,0.18,10,45.97,33.18,55.92,-0.19,0.19,10,47.12,32.69,54.81,-0.22,0.18,10,47.12,32.69,54.33,-0.2,0.19,10,47.12,31.73,57.21,-0.86,0.24,5,23.66,6.45,38.71,-0.86,0.22,5,23.2,7.73,35.57,-0.75,0.21,6,27.92,12.18,39.09,-0.65,0.19,7,32.32,18.18,43.94,-0.77,0.18,9,25.25,10.61,39.39,-0.61,0.16,12,30.73,20.49,44.88,-0.67,0.17,12,30.73,17.56,42.93,-0.81,0.15,15,22.44,14.63,35.12,-0.74,0.16,15,26.21,16.99,36.89,-0.65,0.16,14,30.58,17.96,41.26,-0.53,0.16,13,35.89,23.44,49.76,-0.53,0.16,14,35.71,21.9,48.1,-0.53,0.15,15,36.49,23.22,49.29,-0.66,0.14,15,29.38,18.96,41.23,-0.62,0.14,14,32.23,21.33,43.13,-0.74,0.14,13,27.4,15.38,36.06,-0.73,0.14,13,25,14.9,36.54,-0.74,0.14,14,25.48,13.46,35.1
Africa,Guinea,1,2005,2007,2014,,0,,,,,,0,*voluntary suspension over political instability 2010,https://eiti.org/guinea#eiti-implementation-,GIN,"Foreign direct investment, net inflows (% of GDP)",BX.KLT.DINV.WD.GD.ZS,,,,,,,,,,,,,,,,,,,,,,,,,,,0.4369082,0.6294274,0.6576365,0.506984,0.6697627,1.285951,0.5994595,0.0829505,0.0062071,0.0208189,0.6144689,0.4572401,0.4963248,1.833206,0.3319133,0.0591859,0,2.291232,0,3.574989,4.263847,9.334394,8.456484,3.055365,2.140011,18.86663,10.68247,0.0030489,-1.113494,-0.7936411,23.99791,,,,,,,,,,,,,,,,,,,,,,,,,,,8400000,12850000,15680000,12330000,17860000,38770000,19690000,2720000,210000,769000,23774000,17301000,17810000,63452427,9942000,1677000,0,78966000,0,1.05E+08,1.25E+08,3.86E+08,3.82E+08,1.41E+08,1.01E+08,9.56E+08,6.05E+08,190000,-73758604,-53167637,1.51E+09,-0.84,0.35,3,22.28,7.61,44.02,-0.51,0.29,5,27.46,14.51,51.81,-0.6,0.27,5,25.64,13.33,43.59,-0.98,0.23,6,16.84,7.14,28.06,-0.94,0.19,6,17.86,9.69,26.02,-0.95,0.19,7,17.24,8.87,26.11,-1.08,0.17,7,15.2,7.84,21.57,-1.23,0.18,8,10.29,3.92,18.14,-1.23,0.18,8,10.19,4.37,18.45,-1.21,0.18,8,9.71,3.4,16.99,-1.14,0.17,8,11.96,5.74,22.01,-1.09,0.17,8,13.88,6.22,22.97,-1.01,0.17,8,17.06,8.06,24.17,-1.02,0.18,10,16.59,8.53,25.12,-1,0.18,10,16.11,8.53,25.12,-1.06,0.18,10,13.94,7.21,26.44,-0.87,0.17,10,20.19,11.54,29.81,-0.87,0.18,9,19.23,10.58,29.33,-0.94,0.32,3,18.28,2.15,41.4,-0.98,0.27,5,17.01,1.03,35.05,-0.95,0.27,5,17.77,3.05,35.03,-0.72,0.26,5,29.8,9.09,46.97,-0.82,0.23,6,22.73,8.08,40.4,-0.92,0.2,7,18.05,8.78,32.2,-1.05,0.2,7,14.63,3.41,25.85,-1.12,0.19,8,11.22,3.9,21.95,-1.28,0.19,8,6.8,0.97,17.96,-1.2,0.18,9,7.28,1.94,18.45,-1.08,0.19,9,13.4,3.35,24.4,-1.2,0.18,9,8.1,1.43,19.05,-1.1,0.17,10,13.27,3.32,21.33,-1.04,0.15,12,15.17,4.74,22.75,-1.04,0.15,13,13.74,6.16,21.8,-1.06,0.15,13,13.46,7.69,22.6,-0.99,0.14,14,14.42,10.1,24.04,-0.94,0.16,13,14.9,9.62,27.88
America,Guyana,1,2010,,,,0,, ,,,,0,applied for EITI candidature August 2017,https://eiti.org/guyana ; https://eiti.org/news/guyana-commits-to-implement-eiti,GUY,"Foreign direct investment, net inflows (% of GDP)",BX.KLT.DINV.WD.GD.ZS,,,,,,,,,,,,,,,,,,-0.3922615,0.7927743,0.1108957,0.0975191,-0.3116955,0.9197787,0.9673024,1.025753,0.399343,-1.78341,1.226763,0.5074915,-0.5424201,1.99202,3.664892,39.80923,15.7233,19.72545,11.97181,8.363977,6.941311,6.132142,6.621039,9.415325,8.042725,6.034929,3.517855,3.817189,9.310439,7.021168,8.756936,9.258306,8.096506,8.763822,9.578505,9.747281,6.707624,7.726467,3.678968,1.682981,,,,,,,,,,,,,,,,,,-1764705.9,4020000,588235.29,588235.29,-1777777.8,4433333.3,4733333.3,4489019.5,1810974.3,-9000000,4350000,2100000,-2060000,7900000,12340000,1.47E+08,69540000,1.07E+08,74420000,59000000,52000000,44000000,46000000,67100000,56000000,43600000,26100000,30000000,76800000,1.02E+08,1.52E+08,1.78E+08,1.64E+08,1.98E+08,2.47E+08,2.78E+08,2.01E+08,2.38E+08,1.17E+08,58000000,-0.17,0.35,3,48.91,23.37,64.67,0.01,0.34,4,54.92,25.91,68.91,-0.15,0.31,4,44.62,24.1,65.13,-0.37,0.27,4,41.33,20.41,57.65,-0.31,0.22,4,44.39,24.49,56.12,-0.37,0.22,5,40.39,21.67,54.68,-0.49,0.18,6,36.27,22.55,48.04,-0.61,0.21,7,28.92,17.16,45.59,-0.61,0.22,7,27.67,16.99,46.6,-0.57,0.21,7,31.55,17.48,47.09,-0.61,0.21,7,29.67,18.66,44.98,-0.58,0.21,7,31.1,19.14,44.02,-0.66,0.21,7,27.96,17.54,41.71,-0.62,0.22,7,29.38,18.01,43.6,-0.6,0.22,7,30.81,17.54,45.02,-0.53,0.22,7,32.21,19.23,48.08,-0.52,0.2,8,32.69,21.63,48.08,-0.42,0.21,7,36.54,23.56,52.88,-0.14,0.32,3,52.69,31.18,65.05,-0.33,0.29,4,44.85,25.26,61.34,-0.4,0.28,4,41.12,23.86,58.88,-0.43,0.28,4,41.41,22.22,59.6,-0.4,0.26,4,42.42,21.72,58.59,-0.45,0.24,5,38.54,21.95,54.63,-0.56,0.21,7,36.1,18.05,51.22,-0.58,0.19,9,34.15,19.51,46.83,-0.59,0.19,10,33.01,18.93,48.54,-0.56,0.19,9,34.95,19.42,49.51,-0.54,0.19,9,34.93,20.1,51.2,-0.56,0.19,9,34.29,20.48,49.05,-0.61,0.18,9,32.23,18.96,48.34,-0.75,0.17,10,26.07,15.17,37.91,-0.65,0.18,10,29.86,18.01,44.08,-0.74,0.17,9,26.92,13.94,38.46,-0.64,0.15,9,31.25,18.75,43.75,-0.32,0.16,7,45.19,32.21,56.25
Asia&Oceania,Indonesia,1,2008,2010,2014,,1,1,2015,,,,1,*brief suspension in 2015,https://eiti.org/indonesia#implementation,IDN,"Foreign direct investment, net inflows (% of GDP)",BX.KLT.DINV.WD.GD.ZS,,,,,,,,,,,,,,,,,,,,,,0.1555224,0.2495606,0.3602613,0.2616268,0.363468,0.3226852,0.5070485,0.6832726,0.7220643,1.029765,1.270772,1.387989,1.268301,1.192252,2.15008,2.724198,2.167797,-0.2522905,-1.332574,-2.75744,-1.855686,0.0741516,-0.2542563,0.738244,2.916115,1.347943,1.603011,1.826329,0.9039194,2.025179,2.302984,2.30978,2.551356,2.819973,2.296544,0.4035329,,,,,,,,,,,,,,,,,,,,,,1.33E+08,2.25E+08,2.92E+08,2.22E+08,3.10E+08,2.58E+08,3.85E+08,5.76E+08,6.82E+08,1.09E+09,1.48E+09,1.78E+09,2.00E+09,2.11E+09,4.35E+09,6.19E+09,4.68E+09,-2.41E+08,-1.87E+09,-4.55E+09,-2.98E+09,1.45E+08,-5.97E+08,1.90E+09,8.34E+09,4.91E+09,6.93E+09,9.32E+09,4.88E+09,1.53E+10,2.06E+10,2.12E+10,2.33E+10,2.51E+10,1.98E+10,3.76E+09,-0.05,0.28,6,52.72,28.8,64.67,-0.34,0.26,7,36.79,21.76,56.48,-0.21,0.22,8,42.05,28.21,58.97,-0.64,0.2,9,27.55,18.88,42.86,-0.8,0.17,9,20.92,14.29,31.63,-0.7,0.18,10,24.14,15.27,38.92,-0.63,0.16,10,27.94,20.1,43.63,-0.38,0.18,11,41.18,23.53,51.47,-0.34,0.18,11,41.26,26.21,51.94,-0.35,0.18,10,42.72,28.64,52.43,-0.36,0.17,10,39.23,27.27,51.2,-0.42,0.17,10,36.84,26.32,48.8,-0.35,0.16,11,39.34,28.91,50.71,-0.28,0.18,11,43.6,31.28,53.08,-0.2,0.17,11,46.45,34.12,55.92,-0.11,0.18,11,50,37.02,58.17,-0.22,0.17,11,46.63,34.62,54.33,-0.12,0.18,11,50,37.02,60.1,-0.86,0.19,7,22.04,8.6,34.41,-1.18,0.17,8,10.31,0.52,20.62,-0.92,0.16,9,19.29,7.11,30.96,-1.14,0.15,9,9.6,1.52,22.22,-0.97,0.15,11,15.15,7.58,27.27,-0.93,0.14,13,17.07,10.73,26.34,-0.88,0.13,13,19.51,13.17,30.73,-0.84,0.13,16,20.49,14.63,31.22,-0.62,0.14,16,31.55,19.9,40.29,-0.59,0.13,15,33.98,21.36,41.75,-0.84,0.13,15,21.05,15.31,29.19,-0.75,0.13,15,24.76,16.67,35.24,-0.7,0.14,16,25.12,18.48,39.34,-0.64,0.13,16,31.28,21.33,40.76,-0.61,0.13,15,32.7,21.8,41.71,-0.56,0.12,14,33.65,24.04,44.23,-0.46,0.12,14,39.42,28.85,49.52,-0.39,0.13,14,42.79,32.21,50.48
Asia&Oceania,Iraq,1,2009,2010,2012,,0,,,,,,0,,https://eiti.org/iraq#implementation-,IRQ,"Foreign direct investment, net inflows (% of GDP)",BX.KLT.DINV.WD.GD.ZS,,,,,,,,,,,-0.0277294,-0.0046568,-0.0021877,-0.1275717,-0.0766709,-0.3337663,0.0076036,0.0221291,0.0012625,0.0042574,0.0028649,0.0107222,0.0056814,0.0036211,-0.0100636,0.0008077,0.0041377,0.0233352,0.000384,0.0040676,0.0002335,,,,,,,,,,,,,,0.8190477,1.031531,0.5879617,1.093876,1.40996,1.431388,1.007965,1.120863,1.559626,2.186847,2.037858,1.846079,0.0853699,,,,,,,,,,,-910000,-180000,-90000,-6550000,-8830000,-44920000,1350000,4390000,300000,1610000,1530000,4120000,2420000,1470000,-4710000,390000,1950000,13210000,240000,2670000,420000,-3000000,7780000,810000,-30000,2400000,-3899260.4,1120000,7110000,-6900000,-32000,-6656000,-326000,1.00E+09,3.00E+08,5.15E+08,3.83E+08,9.72E+08,1.86E+09,1.60E+09,1.40E+09,2.08E+09,3.40E+09,5.13E+09,4.78E+09,3.32E+09,1.46E+08,-2.15,0.31,4,1.09,0,4.89,-2.23,0.34,4,1.04,0,5.7,-2.2,0.32,4,0.51,0,5.64,-1.99,0.24,4,1.02,0,4.59,-1.41,0.2,4,6.63,2.55,14.29,-1.65,0.21,4,3.45,1.48,8.37,-1.53,0.18,4,4.41,1.96,10.29,-1.39,0.22,4,7.35,2.45,15.2,-1.32,0.24,4,7.28,2.43,18.45,-1.15,0.24,4,12.62,3.4,22.33,-1.01,0.22,5,16.75,5.74,26.79,-1.05,0.19,6,15.31,6.22,25.84,-1.09,0.19,6,12.8,6.16,23.7,-1.25,0.2,7,9.48,2.84,21.33,-1.24,0.2,7,9.48,3.79,21.8,-1.25,0.21,7,8.65,4.33,18.27,-1.24,0.2,7,7.21,4.33,17.79,-1.13,0.21,7,11.06,5.29,23.08,-1.6,0.26,4,0.54,0,9.14,-1.43,0.23,4,1.03,0,13.92,-1.5,0.26,4,2.03,0,12.18,-1.41,0.22,4,1.52,0,11.62,-1.21,0.22,5,8.08,0,20.2,-1.48,0.21,5,1.95,0,10.73,-1.37,0.2,5,3.9,0,14.63,-1.45,0.22,5,2.44,0,12.2,-1.46,0.22,5,2.91,0,12.14,-1.46,0.21,8,3.4,0,11.17,-1.33,0.2,9,4.31,0.48,17.7,-1.26,0.18,10,6.19,0.95,17.14,-1.17,0.18,9,11.37,1.42,20.38,-1.22,0.16,10,9.48,0.95,17.54,-1.28,0.16,10,7.58,0.47,15.64,-1.33,0.16,10,5.77,0.48,12.98,-1.37,0.16,10,4.81,0.48,12.02,-1.4,0.17,9,6.25,0.48,11.54
Asia&Oceania,Kyrgyz Republic,0,2004,2007,2011,,1,0,2017,,,,1, and suspended in 2017,https://eiti.org/kyrgyz-republic#implementation,KGZ,"Foreign direct investment, net inflows (% of GDP)",BX.KLT.DINV.WD.GD.ZS,,,,,,,,,,,,,,,,,,,,,,,,,,,,,,,,,,0.4930248,2.271139,5.785005,2.584743,4.741315,6.636142,3.555692,-0.1723105,0.3282862,0.2903491,2.373336,7.933801,1.73012,6.422444,5.467873,7.334538,4.037844,8.393281,11.31529,4.911331,8.727543,4.72539,21.28077,7.118786,,,,,,,,,,,,,,,,,,,,,,,,,,,,,,,,,,10000000,38178000,96090000,47238000,83820000,1.09E+08,44412800,-2360125,5006732.9,4661963.5,45544628,1.76E+08,42565248,1.82E+08,2.08E+08,3.77E+08,1.89E+08,4.02E+08,7.01E+08,3.24E+08,6.40E+08,3.53E+08,1.42E+09,4.66E+08,-0.3,0.36,2,41.85,21.2,62.5,-0.06,0.3,4,51.3,25.91,67.36,-0.08,0.28,6,50.77,28.72,65.13,-0.11,0.24,7,51.02,34.18,61.73,-0.37,0.19,7,41.33,24.49,52.55,-0.32,0.2,8,42.86,25.62,54.68,-1.01,0.17,9,16.67,9.8,24.51,-0.66,0.19,10,25,17.16,41.67,-0.41,0.19,10,37.38,22.33,51.46,-0.35,0.17,10,42.23,28.64,52.43,-0.33,0.17,10,41.15,29.67,51.67,-0.25,0.16,10,43.54,33.97,53.11,-0.21,0.15,11,45.97,35.07,53.55,-0.33,0.16,11,41.23,29.38,50.71,-0.31,0.17,11,42.18,30.81,52.61,-0.43,0.18,11,35.1,26.44,49.04,-0.5,0.18,11,34.62,25,47.12,-0.35,0.18,10,40.38,26.92,53.37,-0.99,0.34,2,17.2,0.54,39.78,-0.84,0.23,4,24.74,7.73,38.14,-0.9,0.21,6,19.8,5.58,33.5,-0.99,0.21,6,16.67,2.53,32.32,-0.98,0.19,7,13.64,5.56,29.8,-1.1,0.18,8,12.2,3.41,22.93,-1.25,0.16,9,8.78,0.98,17.07,-1.32,0.15,12,5.85,0.98,14.15,-1.32,0.15,12,5.34,0.97,12.62,-1.22,0.14,12,6.31,3.4,15.53,-1.31,0.15,12,4.78,0.48,14.83,-1.17,0.15,12,10.48,2.38,17.62,-1.22,0.14,12,7.58,1.9,17.54,-1.15,0.14,13,11.37,2.37,18.48,-1.16,0.14,13,10.43,3.32,18.48,-1.13,0.15,13,12.02,4.81,19.23,-1.15,0.15,13,11.06,3.85,18.27,-1.08,0.15,12,12.02,7.69,19.71
Africa,Liberia,1,2007,2008,2009,2017,0,,,,,,0,,https://eiti.org/liberia#implementation-,LBR,"Foreign direct investment, net inflows (% of GDP)",BX.KLT.DINV.WD.GD.ZS,,,,,,,,,,,17.68494,-9.943109,5.609919,19.34009,11.8512,31.23716,13.9389,25.3265,20.17315,5.062231,8.414536,34.01596,4.028088,5.96326,4.26646,-1.90298,-1.962033,3.957647,27.94472,83.43381,58.59521,2.416667,-4.854586,-33.42893,13.14675,3.412463,-82.8921,72.2609,52.92269,58.00362,3.931467,1.59309,0.5156538,89.47596,15.87355,15.05493,17.85621,17.81229,33.35559,11.06382,34.99214,84.94554,37.25727,35.97574,35.77127,35.44902,21.56973,,,,,,,,,,,57140000,-33960000,20650000,74840000,57710000,1.80E+08,83170000,1.71E+08,1.45E+08,41210000,71920000,2.88E+08,34799990,49099986,36199990,-16199996,-16499995,38499989,2.90E+08,6.56E+08,2.25E+08,8410000,-10850000,-53620000,17380000,4600000,-1.32E+08,2.14E+08,1.90E+08,2.56E+08,20800000,8300000,2800000,3.72E+08,75351732,82802111,1.08E+08,1.32E+08,2.84E+08,1.28E+08,4.52E+08,1.31E+09,6.47E+08,7.00E+08,7.20E+08,7.21E+08,4.53E+08,-1.83,0.37,2,2.17,0,10.87,-2.02,0.31,4,3.11,0,7.25,-1.72,0.29,4,5.13,0.51,9.74,-1.68,0.25,4,4.08,0,9.69,-1.63,0.21,4,3.06,2.04,9.18,-1.86,0.21,5,2.46,0.99,4.93,-1.58,0.18,5,3.92,1.47,9.8,-1.47,0.21,5,5.39,2.45,13.24,-1.2,0.22,4,11.17,3.88,20.87,-1.34,0.19,7,6.8,2.43,16.02,-1.2,0.17,8,9.57,5.26,20.57,-1.06,0.17,8,14.83,6.7,23.44,-1.09,0.17,9,13.27,6.64,22.27,-1.05,0.17,11,14.22,8.06,24.17,-0.91,0.17,11,21.8,10.9,29.38,-0.86,0.17,10,21.15,10.58,31.25,-0.87,0.17,11,21.15,11.54,29.81,-0.95,0.17,10,15.87,8.65,26.44,-1.5,0.32,3,2.15,0,17.2,-1.7,0.27,5,0.52,0,6.19,-1.49,0.27,5,2.54,0,12.18,-1.29,0.3,4,4.04,0,26.26,-1.26,0.25,5,6.06,0,20.71,-1.32,0.22,6,7.32,0,16.1,-1.2,0.22,6,10.73,0.49,20.98,-0.72,0.22,7,27.32,14.15,41.95,-0.46,0.23,7,37.86,19.9,54.85,-0.74,0.19,11,26.21,14.56,39.32,-0.59,0.17,13,31.58,20.1,46.89,-0.56,0.17,13,32.86,20.95,47.62,-0.67,0.16,14,27.49,18.48,40.76,-0.6,0.13,16,32.7,22.27,43.13,-0.71,0.13,16,26.54,18.48,37.91,-0.77,0.14,14,24.04,14.42,34.62,-0.65,0.13,15,29.81,19.23,41.35,-0.71,0.14,14,26.44,14.42,36.06
Africa,Libya,0,,,,,0,,,,,,0,,,LBY,"Foreign direct investment, net inflows (% of GDP)",BX.KLT.DINV.WD.GD.ZS,,,,,,,,,,,,,,,,,,,,,,,,,,,,,,,0.5498305,0.2872441,0.2924706,0.1896885,-0.2538608,-0.3464047,-0.400657,-0.2212333,-0.4693397,-0.3559788,0.3684328,-0.3899142,0.7079425,0.5444378,1.077823,2.19292,3.755326,6.944996,4.718018,2.175213,2.385874,,,,,,,,,,,,,,,,,,,,,,,,-4.51E+08,-7.03E+08,-5.88E+08,-1.09E+09,-7.44E+08,-3.92E+08,-3.27E+08,-16888868,1.19E+08,-1.77E+08,-97633681,97982197,1.25E+08,1.59E+08,91903803,99093119,58152864,-72624307,-88486065,-1.12E+08,-67915603,-1.28E+08,-1.28E+08,1.41E+08,-1.33E+08,1.45E+08,1.43E+08,3.57E+08,1.04E+09,2.06E+09,4.69E+09,4.11E+09,1.37E+09,1.78E+09,,1.43E+09,7.02E+08,50000000,7.26E+08,4.93E+08,-1.74,0.31,4,3.8,0.54,10.87,-1.91,0.34,4,3.63,0,7.77,-1.79,0.32,4,4.62,0,9.23,-1.61,0.23,5,4.59,0.51,10.2,-1.48,0.2,5,4.08,2.55,12.24,-1.35,0.21,5,7.39,2.46,15.27,-1.48,0.17,5,5.88,1.96,11.76,-1.46,0.21,5,6.37,2.45,13.73,-1.11,0.22,6,14.56,4.85,21.84,-0.91,0.2,7,17.96,9.22,30.58,-1.14,0.18,8,11.48,5.74,22.49,-1.19,0.19,8,8.61,5.26,19.62,-1.54,0.19,7,4.74,2.37,9,-1.66,0.21,8,2.84,1.42,8.53,-1.86,0.2,8,1.9,0.95,4.27,-2.12,0.21,8,1.44,0,2.88,-2.23,0.2,7,0.48,0,1.92,-2.27,0.22,6,0.48,0,2.4,-0.87,0.26,4,20.43,3.76,39.25,-0.91,0.23,4,20.62,4.12,35.05,-0.87,0.26,4,22.84,5.08,38.58,-0.95,0.22,4,18.69,3.03,32.32,-0.88,0.22,5,19.19,7.07,35.35,-0.91,0.21,6,18.54,8.78,33.66,-0.96,0.2,6,17.56,7.32,30.73,-1.08,0.22,6,14.15,2.93,26.34,-1.05,0.2,7,14.56,3.88,27.18,-0.95,0.19,8,17.96,4.85,31.07,-1.21,0.17,9,7.66,1.44,19.14,-1.29,0.17,9,5.24,0.95,16.19,-1.3,0.18,8,5.69,0,16.59,-1.36,0.16,11,3.32,0,11.85,-1.48,0.16,12,0.95,0,9.48,-1.56,0.15,11,1.44,0,6.73,-1.62,0.16,9,0.96,0,5.29,-1.57,0.17,8,2.88,0,8.17
Africa,Mali,1,2006,2007,2011,2017,0,,,,,,0,,https://eiti.org/mali#implementation-,MLI,"Foreign direct investment, net inflows (% of GDP)",BX.KLT.DINV.WD.GD.ZS,,,,,,,,,,,,-0.1395035,0.698701,0.1064427,-0.0278424,0.3145502,0.2740288,0.2907833,-0.0724874,0.1917986,0.1344857,0.2391274,0.1140823,0.2426525,0.8167238,0.2078463,-0.4521253,-0.2864825,0.3250548,0.2916586,0.213643,0.0442422,-0.7727665,0.1441046,0.8366131,4.117231,1.611017,2.335318,0.3036792,0.0633242,2.037209,6.025897,-0.3165487,1.53833,1.558288,2.565531,2.147824,2.529738,2.732413,6.351123,3.479526,4.285272,3.197567,2.402618,1.028437,2.160675,0.8937703,,,,,,,,,,,,-600000,3400000,600000,-150000,2613001.8,2573754.9,3052755.4,-886305.37,3060000,2366532.8,3680104,1521577.9,3149060.5,10069648,2893628.2,-8374099.2,-5989287.9,7050571,6363470.8,5729716.3,1205216.9,-21874497,4061271.1,17417000,1.11E+08,44793063,62986002,8868521.5,2178011.8,60181781,2.09E+08,-12312977,72355432,84840600,1.60E+08,1.48E+08,2.06E+08,2.66E+08,6.47E+08,3.72E+08,5.56E+08,3.98E+08,3.08E+08,1.44E+08,2.75E+08,1.26E+08,-0.53,0.35,3,27.72,13.59,57.07,-0.23,0.29,5,40.93,22.8,61.14,-0.1,0.27,5,49.23,28.21,64.1,-0.43,0.23,6,37.24,20.41,52.55,-0.49,0.19,7,34.18,20.41,48.98,-0.48,0.19,8,34.98,20.69,48.28,-0.55,0.16,8,30.88,21.57,45.1,-0.46,0.18,9,35.78,22.06,50.49,-0.36,0.18,9,39.81,25.73,51.94,-0.41,0.18,9,38.83,24.27,51.94,-0.41,0.16,10,37.8,26.32,48.8,-0.49,0.16,10,35.41,23.92,44.98,-0.4,0.16,10,36.97,27.49,49.29,-0.41,0.18,10,37.44,26.07,47.87,-0.5,0.18,10,33.65,23.7,45.5,-0.6,0.18,10,29.81,18.27,42.79,-0.58,0.17,10,30.29,21.15,43.75,-0.59,0.18,10,28.37,18.27,42.31,-0.78,0.32,3,25.81,3.76,48.92,-0.85,0.27,5,24.23,4.12,42.27,-0.84,0.27,5,24.87,5.58,39.09,-0.68,0.25,6,31.31,10.61,46.97,-0.67,0.2,8,29.8,12.63,44.95,-0.59,0.18,9,31.71,20.49,46.34,-0.5,0.18,9,38.54,22.44,51.71,-0.48,0.16,11,38.54,26.34,48.78,-0.43,0.17,11,38.83,28.16,53.4,-0.53,0.16,11,35.44,21.84,49.03,-0.67,0.16,12,27.75,19.14,40.19,-0.68,0.15,13,28.57,18.1,40.48,-0.64,0.15,13,29.86,19.91,43.13,-0.83,0.15,13,22.27,13.27,33.65,-0.79,0.15,14,22.27,14.69,35.55,-0.75,0.15,13,26.44,14.9,36.06,-0.69,0.14,14,27.4,17.31,40.38,-0.67,0.15,14,29.81,15.87,39.9
Africa,Mauritania,1,2005,2007,2012,2017,1,1,2013,,,,1,*brief suspension in 2013,https://eiti.org/mauritania#implementation-,MRT,"Foreign direct investment, net inflows (% of GDP)",BX.KLT.DINV.WD.GD.ZS,,,,,,,,,,,0.3821384,1.779335,0.7961982,2.951471,0.8727679,-25.78236,0.2964842,0.7628016,0.5252268,9.817986,3.821227,1.663667,1.99547,0.173563,1.172893,1.021571,0.5593235,0.1844798,0.2012407,0.3533005,0.6606724,0.1572217,0.5155314,1.287412,0.1580407,0.4938455,-0.0301914,-0.2375211,0.009646,1.075611,3.099437,5.920314,5.084491,6.522909,22.04059,37.16593,5.084382,4.152008,8.615736,-0.0836952,3.005029,11.3665,26.5255,19.67086,9.321934,10.35722,5.850246,,,,,,,,,,,800000,4040000,2110000,9850000,3620000,-1.23E+08,1554786.8,4123975.2,2859463.9,63234733,27094083,12444138,14970301,1368321.8,8526200.3,6979308.6,4490756.3,1678435.3,1926632.9,3467748.7,6736220.5,2269792,7549402.9,16091938,2079708.7,6989378.5,-435540,-3329920,132643,15119460,40096000,76700000,67340352,1.02E+08,4.04E+08,8.12E+08,1.55E+08,1.39E+08,3.43E+08,-3072044.4,1.31E+08,5.89E+08,1.39E+09,1.13E+09,5.03E+08,5.02E+08,2.71E+08,-0.4,0.36,2,35.87,16.3,61.96,-0.51,0.3,4,28.5,14.51,52.85,-0.37,0.28,4,34.87,18.46,56.92,0.34,0.28,4,64.29,49.49,74.49,-0.05,0.23,4,53.57,39.29,64.8,-0.06,0.23,5,52.22,38.92,64.53,-0.37,0.18,6,43.14,25.49,51.96,-0.43,0.19,8,37.75,22.55,50.98,-0.46,0.19,8,33.98,21.84,50.97,-0.64,0.18,8,28.64,16.99,42.72,-0.68,0.17,9,26.32,17.7,37.8,-0.83,0.17,9,22.97,13.4,32.54,-0.78,0.17,9,23.7,14.22,34.6,-0.64,0.18,9,28.44,20.38,40.28,-0.65,0.18,9,27.49,18.01,38.39,-0.81,0.19,9,24.04,11.06,32.69,-0.87,0.18,9,20.67,11.06,30.29,-0.74,0.19,9,24.04,12.5,35.1,-0.56,0.34,2,34.41,12.9,57.53,-0.47,0.28,4,37.63,19.07,54.64,-0.45,0.27,4,37.56,19.8,57.36,-0.03,0.28,4,57.07,36.87,71.21,-0.03,0.27,4,57.58,38.89,71.21,-0.53,0.23,6,35.61,18.05,52.68,-0.56,0.21,7,35.61,18.05,51.71,-0.74,0.17,10,26.34,16.59,38.54,-0.58,0.17,10,33.98,19.42,48.54,-0.79,0.17,10,23.3,13.59,36.41,-0.61,0.16,11,30.62,20.1,43.54,-0.72,0.17,11,26.19,16.67,40.48,-0.63,0.16,11,30.81,19.43,44.08,-0.78,0.17,11,24.17,13.27,37.44,-0.83,0.17,12,21.8,11.85,35.07,-0.93,0.17,11,16.83,9.13,29.81,-0.92,0.17,11,17.31,10.1,29.33,-0.8,0.18,11,21.63,11.54,35.1
Asia&Oceania,Mongolia,1,2006,2007,2010,2017,0,,,,,,0,,https://eiti.org/mongolia#implementation,MNG,"Foreign direct investment, net inflows (% of GDP)",BX.KLT.DINV.WD.GD.ZS,,,,,,,,,,,,,,,,,,,,,,,,,,,0.004834,,,,,0.4674197,0.1517898,1.00208,0.7452876,0.6748545,1.181524,2.116968,1.680836,2.874953,4.723387,3.391173,5.570419,8.242977,4.663498,7.434996,7.18969,8.801887,15.02162,13.60448,23.52634,43.91211,34.75598,16.37008,2.762588,0.8033136,-37.24258,,,,,,,,,,,,,,,,,,,,,,,,,,,140000,,,,,11120000,2000000,7700000,6900000,9800000,15900000,25000000,18900000,30400000,53700000,43000000,77794000,1.32E+08,92900000,1.88E+08,2.46E+08,3.73E+08,8.45E+08,6.24E+08,1.69E+09,4.57E+09,4.27E+09,2.06E+09,3.38E+08,94319767,-4.16E+09,-0.17,0.35,3,48.91,23.37,64.67,-0.07,0.34,4,50.26,24.87,67.88,-0.07,0.31,5,51.28,27.18,66.15,-0.06,0.24,6,52.04,36.22,63.78,-0.44,0.19,6,38.78,21.43,50,-0.39,0.2,7,39.9,22.66,51.23,-0.49,0.17,8,35.78,23.04,48.04,-0.33,0.19,9,44.12,26.47,53.92,-0.28,0.19,9,45.15,29.13,53.88,-0.34,0.18,10,43.69,29.13,52.43,-0.3,0.16,12,44.5,32.54,52.63,-0.24,0.15,12,44.02,35.41,53.11,-0.22,0.15,12,44.08,35.07,52.61,-0.21,0.16,13,45.5,35.07,53.55,-0.32,0.16,13,41.71,30.81,52.13,-0.27,0.18,12,44.71,31.25,54.33,-0.35,0.16,14,41.83,28.85,50.48,-0.08,0.17,13,52.4,40.38,61.54,0.11,0.32,3,60.75,41.4,73.12,0.06,0.29,4,57.73,42.27,70.62,-0.31,0.26,5,45.69,27.92,61.42,-0.01,0.26,5,58.08,40.91,71.21,-0.2,0.23,6,51.01,34.34,62.12,-0.4,0.21,7,41.46,25.37,54.63,-0.61,0.19,8,32.68,18.05,47.8,-0.58,0.19,8,34.63,19.51,46.83,-0.61,0.2,9,32.04,18.45,48.54,-0.66,0.18,11,29.61,17.96,41.75,-0.76,0.15,14,24.88,16.75,36.84,-0.74,0.15,14,25.24,16.67,38.1,-0.69,0.15,14,26.07,18.48,39.81,-0.54,0.14,15,35.55,25.59,46.92,-0.48,0.14,14,38.39,26.54,48.82,-0.47,0.14,13,37.02,27.4,50,-0.49,0.13,15,37.5,26.44,48.56,-0.5,0.14,14,35.58,25.48,48.08
Africa,Mozambique,1,2008,2009,2012,2017,0,,,,,,0,,https://eiti.org/mozambique#implementation-,MOZ,"Foreign direct investment, net inflows (% of GDP)",BX.KLT.DINV.WD.GD.ZS,,,,,,,,,,,,,,,,,,,,,0.1236428,0.0104605,0.0534305,0.0763187,-0.0864885,0.0074053,0.0285867,0.2633684,0.2149437,0.1469216,0.3662305,0.6893885,1.104236,1.336216,1.422377,1.784483,2.057413,1.523441,4.36465,7.198448,2.77486,5.358088,6.908162,6.015306,3.581831,1.584881,3.021406,4.448605,5.579891,8.523883,12.39338,27.9026,38.77105,41.80964,29.47209,26.14035,28.39936,,,,,,,,,,,300000,30000,5500000,4020000,2000000,6670000,-12640000,,2000000,2430000,4360000,370000,1930000,2470000,-2920000,330000,1500000,6200000,4500000,3400000,9200000,22500000,25300000,32000000,35000000,45000000,72500000,64400000,2.13E+08,3.82E+08,1.39E+08,2.55E+08,3.48E+08,3.37E+08,2.45E+08,1.22E+08,2.51E+08,4.17E+08,6.41E+08,9.30E+08,1.26E+09,3.66E+09,5.64E+09,6.70E+09,5.00E+09,3.87E+09,3.13E+09,-0.52,0.31,4,28.26,15.22,53.8,-0.28,0.27,6,38.86,22.8,57.51,-0.16,0.25,6,43.59,28.21,62.05,-0.31,0.21,7,42.86,25.51,55.61,-0.53,0.18,8,31.63,19.9,47.45,-0.49,0.17,9,33.5,21.18,48.28,-0.71,0.16,9,25,18.14,37.25,-0.56,0.17,10,30.39,21.08,45.1,-0.55,0.17,10,30.58,20.87,45.63,-0.45,0.17,10,36.41,23.3,50.49,-0.39,0.16,10,38.28,26.32,49.76,-0.4,0.16,10,38.28,27.27,48.8,-0.43,0.16,10,36.02,26.54,47.39,-0.45,0.18,10,36.02,24.64,46.92,-0.4,0.18,10,36.97,26.07,48.34,-0.41,0.18,10,37.02,27.4,49.52,-0.5,0.17,10,35.1,25,47.12,-0.7,0.18,10,25,13.46,37.02,-0.42,0.26,4,40.86,23.66,57.53,-0.43,0.21,6,41.24,26.8,53.61,-0.43,0.22,6,39.09,26.4,57.36,-0.51,0.19,7,36.36,25.25,49.49,-0.6,0.18,9,32.83,18.69,45.96,-0.6,0.16,11,31.22,20.98,44.88,-0.53,0.16,11,37.07,22.44,49.27,-0.62,0.15,14,32.2,19.51,40.98,-0.52,0.15,14,35.92,23.3,49.03,-0.49,0.15,14,37.86,25.24,49.51,-0.44,0.15,14,40.19,26.79,53.59,-0.45,0.15,14,40.48,27.14,52.86,-0.49,0.15,14,38.86,23.22,50.71,-0.57,0.15,14,34.6,22.75,46.45,-0.6,0.15,15,34.12,21.33,44.08,-0.67,0.14,14,29.33,17.79,40.87,-0.75,0.15,13,24.52,13.94,36.54,-0.87,0.15,12,18.27,11.54,32.21
Africa,Niger,0,2005,2007,2011,,1,0,2017,,,,1, and suspended in 2017,https://eiti.org/niger#implementation-,NER,"Foreign direct investment, net inflows (% of GDP)",BX.KLT.DINV.WD.GD.ZS,,,,,,,,,,,0.4185152,-0.7641581,0.1211665,0.1056652,0.6732903,2.150853,0.9289727,0.9950045,2.40412,2.21824,1.958113,-0.2815731,1.398492,0.0673847,0.098982,-0.651267,0.9241735,0.6635375,0.3028563,0.0349489,1.645247,0.6510938,2.404708,-2.13816,-0.7202443,0.38219,0.4967306,0.9845715,-0.0492991,0.013681,0.8745705,1.160098,0.3589371,0.6768504,0.7981771,1.460553,1.104394,2.305626,5.217769,11.69657,13.91706,16.62914,12.25863,9.378437,9.967752,7.349613,3.899793,,,,,,,,,,,2720000,-5300000,900000,1000000,6908881.4,22555805,9889077.7,12850065,42657877,46788845,49119755,-6112652.7,28216140,1215012.5,1446367.7,-9382033.1,17597159,14816833,6906202.1,761735.67,40813210,15157374,56390111,-34351290,-11258911,7188242.6,9873865.7,18171246,-1023812.5,276108.88,15728052,22567709,7790662.7,18487602,24367538,49733809,40274237,98942805,2.82E+08,6.31E+08,7.96E+08,1.07E+09,8.51E+08,7.19E+08,8.22E+08,5.25E+08,2.93E+08,-0.98,0.35,3,16.85,4.89,33.7,-0.64,0.29,5,24.87,12.95,44.56,-0.57,0.27,5,27.69,13.33,46.67,-0.68,0.23,6,25,14.8,43.37,-0.61,0.19,6,27.04,17.86,44.9,-0.58,0.19,7,28.57,17.73,45.81,-0.41,0.17,7,39.71,25.49,50.49,-0.49,0.19,8,33.82,21.08,49.02,-0.5,0.19,8,32.04,21.84,49.51,-0.42,0.18,8,37.86,23.79,51.94,-0.48,0.17,9,34.93,24.4,45.93,-0.52,0.16,9,33.49,23.44,43.54,-0.53,0.16,9,33.18,23.22,42.65,-0.59,0.18,9,30.33,21.8,42.65,-0.56,0.18,9,31.28,22.27,44.55,-0.72,0.18,9,26.92,14.42,35.58,-0.73,0.18,9,26.44,13.94,36.06,-0.67,0.18,9,26.44,14.42,39.42,-0.87,0.32,3,20.97,2.69,45.7,-0.98,0.27,5,17.53,1.03,35.05,-0.88,0.27,5,21.83,4.06,38.58,-0.99,0.26,5,15.66,1.01,33.84,-0.93,0.23,6,16.67,5.56,34.85,-0.82,0.2,7,22.44,10.73,36.59,-0.72,0.2,7,26.34,14.63,43.41,-0.85,0.18,9,20,10.24,34.63,-0.75,0.18,9,24.76,14.08,37.38,-0.72,0.18,9,27.18,15.53,39.32,-0.61,0.17,10,31.1,20.1,44.98,-0.66,0.17,10,29.52,17.62,42.38,-0.64,0.16,11,29.38,18.96,43.13,-0.64,0.15,11,30.81,18.96,42.65,-0.61,0.16,12,33.18,21.33,45.02,-0.69,0.15,12,28.85,15.87,40.87,-0.64,0.15,13,30.77,18.75,42.31,-0.64,0.16,13,31.25,16.35,42.31
Africa,Nigeria,1,2003,2010,2011,2017,0,,,,,,0,*downgraded to candidate in 2015,https://eiti.org/nigeria#-implementation-,NGA,"Foreign direct investment, net inflows (% of GDP)",BX.KLT.DINV.WD.GD.ZS,,,,,,,,,,,1.634007,3.114868,2.484843,2.459956,1.034345,1.692361,0.9336558,1.222448,0.5774586,0.6550983,-1.150856,0.8879477,0.8378065,1.027979,0.6637171,1.681726,0.9324369,2.534126,1.627125,7.776141,1.911375,2.600578,3.060115,8.520922,10.83256,3.780688,4.554308,4.297446,3.284921,2.80149,2.457934,2.697522,3.170064,2.964106,2.13333,4.438848,3.33798,3.62567,3.93945,5.04766,1.632849,2.147237,1.533762,1.08024,0.8189723,0.6503454,1.098228,,,,,,,,,,,2.05E+08,2.86E+08,3.05E+08,3.73E+08,2.57E+08,4.70E+08,3.39E+08,4.41E+08,2.11E+08,3.10E+08,-7.39E+08,5.42E+08,4.31E+08,3.64E+08,1.89E+08,4.86E+08,1.93E+08,6.11E+08,3.79E+08,1.88E+09,5.88E+08,7.12E+08,8.97E+08,1.35E+09,1.96E+09,1.08E+09,1.59E+09,1.54E+09,1.05E+09,1.01E+09,1.14E+09,1.19E+09,1.87E+09,2.01E+09,1.87E+09,4.98E+09,4.85E+09,6.04E+09,8.20E+09,8.56E+09,6.03E+09,8.84E+09,7.07E+09,5.56E+09,4.66E+09,3.13E+09,4.45E+09,-0.97,0.31,4,17.39,5.98,30.43,-0.95,0.27,6,16.06,7.25,27.46,-0.75,0.22,7,21.54,13.33,34.36,-1.22,0.2,8,11.73,4.59,19.9,-1.25,0.18,8,10.2,3.06,17.35,-1.35,0.17,9,7.88,3.45,14.29,-0.76,0.16,9,23.53,16.18,34.8,-0.91,0.17,10,19.12,12.25,27.94,-0.89,0.17,10,19.42,12.14,27.67,-0.8,0.17,10,20.87,15.53,33.01,-0.75,0.16,10,24.88,15.31,34.93,-0.73,0.16,10,26.32,17.7,35.89,-0.68,0.16,11,27.01,19.91,36.02,-0.71,0.17,11,26.07,17.54,36.49,-0.66,0.17,11,27.01,18.96,37.44,-0.82,0.17,11,23.56,11.54,31.25,-0.85,0.17,11,21.63,12.02,30.29,-0.92,0.17,11,18.27,9.13,26.92,-1.19,0.26,4,8.6,0,25.81,-1.16,0.21,6,11.34,0.52,24.74,-1.22,0.2,7,6.6,0.51,20.3,-1.43,0.18,8,0.51,0,9.6,-1.36,0.18,10,4.55,0,10.61,-1.34,0.16,12,6.34,0.98,12.68,-1.16,0.16,12,12.2,2.44,18.05,-1.12,0.15,15,10.73,3.9,19.51,-1.05,0.15,15,14.08,5.34,20.87,-0.89,0.15,15,19.42,11.17,30.1,-1.03,0.15,15,16.27,5.26,23.44,-1.05,0.15,15,15.24,4.29,21.9,-1.17,0.14,16,10.9,2.37,18.48,-1.17,0.13,16,10.9,2.37,18.01,-1.22,0.13,16,9.48,1.42,15.64,-1.27,0.13,15,8.17,2.88,12.98,-1.08,0.13,15,12.5,7.21,19.23,-1.04,0.14,15,13.46,9.13,20.19
Asia&Oceania,Papua New Guinea,1,2013,2014,,,0,,,,,,0,,https://eiti.org/papua-new-guinea#implementation-,PNG,"Foreign direct investment, net inflows (% of GDP)",BX.KLT.DINV.WD.GD.ZS,,,,,,,,,,,20.08405,6.616822,9.999976,8.613621,4.953842,-0.1643826,1.377785,1.206892,1.997331,1.927203,2.966384,3.449839,3.626137,5.419213,4.532272,3.439382,3.429134,2.963847,4.198431,5.735035,4.82691,3.081807,2.382368,1.245327,1.034963,9.804955,2.158749,0.5788445,2.892944,8.527108,2.740297,2.050721,0.6093866,3.095539,0.760947,0.6539022,0.2130532,1.491308,-0.3823914,5.167175,0.2955988,-2.406819,-0.4143964,0.1182252,-0.1795143,,,,,,,,,,,,,1.30E+08,47490000,85880000,1.12E+08,72690000,-2230000,20830132,19802243,38906964,44202749,75523631,86179343,85888143,1.39E+08,1.16E+08,83349062,90804634,93178869,1.54E+08,2.03E+08,1.55E+08,1.17E+08,1.04E+08,61950798,56950398,4.55E+08,1.11E+08,28575266,1.10E+08,2.97E+08,96495382,63183319,18278810,1.10E+08,29883259,31818697,11777273,94558954,-30591592,4.19E+08,28720688,-3.10E+08,-63782356,18222240,-30389395,2.04E+08,-39578308,-0.43,0.31,4,33.15,17.39,58.15,-0.53,0.3,5,26.42,13.99,52.33,-0.47,0.28,6,32.31,14.87,53.85,-0.58,0.23,6,29.08,18.88,45.41,-0.63,0.18,6,26.02,17.86,43.37,-0.78,0.19,7,21.18,13.79,34.98,-0.99,0.17,7,17.16,9.8,24.51,-0.76,0.2,7,22.06,14.71,36.76,-0.6,0.2,7,28.16,18.45,46.12,-0.69,0.18,8,25.24,16.02,40.29,-0.57,0.17,8,31.58,22.01,44.5,-0.56,0.17,8,32.54,22.49,42.58,-0.52,0.17,8,34.12,23.22,43.13,-0.51,0.18,8,33.18,23.22,45.02,-0.51,0.19,8,33.18,23.22,45.5,-0.34,0.2,8,39.9,28.37,52.88,-0.55,0.19,8,31.25,19.71,46.15,-0.56,0.2,8,29.81,18.27,45.67,-0.43,0.26,4,40.32,22.04,57.53,-0.76,0.22,5,29.38,12.37,42.27,-0.83,0.22,6,25.38,7.11,36.04,-0.91,0.2,6,20.2,5.05,32.83,-0.88,0.2,7,19.7,8.08,34.85,-0.96,0.19,8,15.61,8.78,28.29,-1.13,0.18,8,13.17,2.44,20.98,-1.14,0.19,8,10.24,1.95,21.46,-1.11,0.19,8,11.65,2.91,21.84,-1.15,0.19,8,10.19,2.43,19.42,-1.23,0.2,8,6.7,0.48,19.14,-1.04,0.19,9,15.71,3.33,24.76,-1.02,0.18,9,16.11,4.74,23.7,-0.94,0.17,9,18.48,9.48,28.91,-0.96,0.17,9,17.06,8.53,28.91,-0.91,0.17,9,17.79,9.13,29.81,-0.94,0.17,9,16.35,10.1,28.37,-0.92,0.17,8,15.87,9.62,30.77
Africa,Sierra Leone,1,2007,2008,2014,,1,1,2013,,,,1,*brief suspension in 2013,https://eiti.org/sierra-leone#implementation-,SLE,"Foreign direct investment, net inflows (% of GDP)",BX.KLT.DINV.WD.GD.ZS,,,,,,,,,,,1.887616,1.239425,0.8165351,1.084783,1.618895,1.486746,1.428822,0.7312883,2.525041,1.449796,-1.696239,0.6732713,0.3614832,0.1705666,0.5385602,-3.612714,-28.62426,5.619436,-2.188305,2.396254,4.992682,0.9621338,-0.8233922,-0.9707081,-0.3151812,0.8368628,0.0705,0.2117142,0.0155992,0.0796555,6.13342,0.9111569,0.840466,0.6281743,4.272844,5.573697,3.122846,4.422993,2.119176,4.434973,9.111181,32.30119,19.00245,8.732627,8.05373,6.185645,14.06425,,,,,,,,,,,8200000,5200000,3800000,6240000,10500000,10100000,8500000,5058889.5,24258786,16083672,-18670265,7505833.4,4682515.6,1697315.4,5856690.4,-30957002,-1.40E+08,39409533,-23088457,22356434,32434699,7504465.1,-5599050.4,-7462923.5,-2874187.6,7287055.9,663927.91,1800032.1,104884.95,533201.79,39000825,9835742,10413409,8615049.7,61153314,90731670,58869144,95470171,53095074,1.10E+08,2.38E+08,9.51E+08,7.22E+08,4.30E+08,4.04E+08,2.63E+08,5.16E+08,-1.53,0.35,3,5.43,1.09,17.39,-1.24,0.29,5,10.36,5.18,21.76,-1.33,0.29,4,9.23,3.59,17.44,-1.23,0.23,6,10.71,4.59,20.41,-1.12,0.19,6,13.78,5.1,20.41,-1.02,0.19,7,15.27,7.88,23.15,-1.09,0.17,7,14.71,7.84,21.57,-1.14,0.19,7,12.75,5.88,21.08,-1.07,0.19,7,16.02,6.31,21.84,-0.98,0.19,7,16.5,7.77,26.21,-0.79,0.17,8,23.92,13.88,33.97,-0.74,0.17,8,25.84,17.22,35.89,-0.71,0.17,8,26.07,18.48,36.02,-0.7,0.17,11,26.54,18.01,36.97,-0.71,0.17,11,25.59,17.06,36.02,-0.81,0.17,11,24.52,11.54,32.21,-0.9,0.17,11,18.75,11.06,28.85,-0.93,0.17,10,16.83,9.13,26.92,-0.76,0.32,3,26.34,4.84,49.46,-0.81,0.27,5,25.26,6.7,43.81,-0.89,0.27,5,20.81,4.06,37.06,-0.83,0.26,5,24.75,4.55,42.42,-0.91,0.23,7,18.18,5.56,35.35,-0.91,0.2,8,19.02,8.78,33.17,-1.07,0.2,8,13.66,2.93,24.39,-1.02,0.2,10,16.59,4.88,27.8,-0.91,0.2,10,18.93,7.28,33.5,-0.97,0.2,11,17.48,4.37,30.1,-0.93,0.18,12,19.14,6.7,28.23,-0.77,0.18,12,22.38,13.81,38.1,-0.84,0.17,13,20.85,12.8,33.65,-0.95,0.13,16,18.01,10.43,26.54,-0.91,0.13,16,19.91,11.85,28.44,-0.94,0.13,15,15.87,11.06,27.4,-0.79,0.13,15,22.6,13.46,32.21,-0.82,0.14,14,20.19,12.98,32.21
Africa,Sudan,0,,,,,0,,,,,,0,,,SDN,"Foreign direct investment, net inflows (% of GDP)",BX.KLT.DINV.WD.GD.ZS,,,,,,,,,,,0.0680979,,0.0211659,0.0072795,-0.0252448,0.0232226,0.0836756,0.0950138,0.0780914,-0.02945,0.1186354,0.1929816,0.18171,0.0767908,0.0935634,-0.0245088,-0.0518103,0.0578004,0.0131176,0.0228159,-0.2508734,-0.0054485,0.0012795,-0.0018014,0.7751955,0.0867695,0.0044355,0.8380777,3.295015,3.471245,3.199695,4.354099,4.817746,7.64565,7.042163,5.887718,5.141569,3.277591,3.03177,3.247962,3.144296,2.576039,3.392938,2.342139,1.523137,1.787601,1.112909,,,,,,,,,,,1660000,,610000,260000,-1160000,1300000,5840000,8270000,5990000,-2660000,8850000,19330000,16790000,6320000,9076923.1,-3040000,-8170000,11650000,2020000,3488888.9,-31130000,-620000,90000,-160000,99180000,12000000,400000,97900000,3.71E+08,3.71E+08,3.92E+08,5.74E+08,7.13E+08,1.35E+09,1.51E+09,1.56E+09,1.84E+09,1.50E+09,1.65E+09,1.73E+09,2.06E+09,1.73E+09,2.31E+09,1.69E+09,1.25E+09,1.74E+09,1.06E+09,-1.36,0.31,4,8.7,1.63,21.2,-1.34,0.27,6,8.29,4.66,17.1,-1.42,0.26,5,7.18,3.59,13.85,-1.27,0.22,6,9.18,4.08,19.39,-1.33,0.19,6,8.67,2.55,15.82,-1.17,0.18,7,11.82,5.91,18.23,-1.42,0.16,7,7.35,2.94,11.76,-1.22,0.19,7,10.78,3.92,18.63,-1.32,0.19,7,6.8,2.91,16.5,-1.48,0.18,7,4.85,2.43,12.14,-1.26,0.17,8,7.66,4.78,17.22,-1.35,0.17,8,6.7,3.35,14.35,-1.31,0.17,8,8.06,3.32,15.17,-1.49,0.18,9,5.69,2.37,10.9,-1.45,0.18,9,6.16,2.37,11.85,-1.44,0.18,9,5.29,2.88,10.58,-1.49,0.18,9,4.81,2.4,9.62,-1.49,0.18,9,4.81,2.88,9.13,-1.24,0.26,4,6.99,0,25.27,-1.07,0.21,6,13.4,1.03,29.9,-0.87,0.22,6,23.35,6.09,35.53,-1.02,0.2,6,13.64,2.02,30.81,-1.24,0.2,7,7.07,0.51,17.17,-1.28,0.18,8,8.78,0.98,14.15,-1.37,0.18,8,4.88,0,13.17,-1.18,0.18,9,9.27,1.95,19.51,-1.32,0.18,10,4.85,0,16.02,-1.42,0.18,10,3.88,0,11.17,-1.15,0.17,10,10.53,1.91,20.1,-1.19,0.17,11,9.52,1.9,18.57,-1.18,0.16,11,9,1.9,18.96,-1.49,0.16,11,0.95,0,9,-1.47,0.16,12,1.42,0,9.48,-1.45,0.15,12,3.37,0,9.13,-1.49,0.15,12,2.4,0,9.62,-1.61,0.16,12,1.44,0,6.73
Africa,Tanzania,1,2008,2009,2012,2017,1,1,2016,,,,1,*brief suspension in 2016,https://eiti.org/tanzania#implementation-,TZA,"Foreign direct investment, net inflows (% of GDP)",BX.KLT.DINV.WD.GD.ZS,,,,,,,,,,,,,,,,,,,,,,,,,,,,,0.0737196,0.1321217,0.0002348,0.0002018,0.2644761,0.4804884,1.108459,2.282238,2.310066,2.054764,1.843799,5.327993,4.549485,5.289807,3.66076,2.730918,3.450385,5.525823,2.165658,2.704487,5.054225,3.333931,5.773068,3.628721,4.604118,4.708095,4.242051,4.296859,2.87868,,,,,,,,,,,3070000,5150000,7690000,6030000,-2060000,-870000,6560000,2940000,6120000,8020000,4580000,18920000,17310000,1520000,-8420000,14510000,-7490000,-470000,3760000,5840000,10000,10000,12169639,20457764,50000895,1.20E+08,1.50E+08,1.58E+08,1.72E+08,5.17E+08,4.63E+08,5.49E+08,3.96E+08,3.18E+08,4.43E+08,9.36E+08,4.03E+08,5.82E+08,1.38E+09,9.53E+08,1.81E+09,1.23E+09,1.80E+09,2.09E+09,2.05E+09,1.96E+09,1.37E+09,-0.44,0.31,4,31.52,17.39,58.15,-0.4,0.27,6,33.16,18.65,55.44,-0.24,0.25,6,41.03,24.1,58.97,-0.55,0.21,7,32.14,19.9,45.92,-0.5,0.18,8,32.65,20.92,47.96,-0.47,0.17,9,35.47,21.67,48.28,-0.5,0.16,9,35.29,24.02,46.57,-0.39,0.18,9,40.69,23.53,51.47,-0.41,0.18,9,37.86,22.33,50.97,-0.51,0.17,9,33.98,21.36,47.09,-0.44,0.16,10,36.36,25.36,47.85,-0.42,0.16,10,36.36,26.32,47.85,-0.42,0.16,10,36.49,26.54,47.87,-0.39,0.17,11,37.91,27.49,48.34,-0.33,0.17,11,41.23,30.33,52.13,-0.33,0.17,11,41.35,29.33,51.44,-0.37,0.17,11,40.38,28.37,49.52,-0.44,0.17,11,35.58,24.52,48.56,-0.7,0.26,4,29.57,12.37,47.85,-0.79,0.21,6,26.8,12.37,40.72,-0.81,0.22,6,25.89,8.12,38.58,-0.8,0.19,7,26.26,9.6,36.87,-0.68,0.18,9,29.29,15.15,42.42,-0.56,0.16,10,34.15,22.44,46.34,-0.6,0.16,11,34.15,20,46.34,-0.23,0.16,13,48.78,37.56,58.05,-0.34,0.17,13,46.12,32.04,55.83,-0.42,0.16,13,39.81,28.64,53.4,-0.45,0.15,14,39.23,26.79,53.59,-0.54,0.15,15,35.24,21.9,47.62,-0.59,0.15,15,33.65,20.85,44.55,-0.76,0.13,16,25.59,17.06,35.07,-0.77,0.13,16,22.75,16.11,35.07,-0.75,0.13,15,25.48,14.9,35.1,-0.68,0.13,15,27.88,18.27,38.94,-0.51,0.14,15,35.1,25.48,47.6
Africa,Togo,1,2009,2010,2013,,0,,,,,,0,,https://eiti.org/togo#implementation-,TGO,"Foreign direct investment, net inflows (% of GDP)",BX.KLT.DINV.WD.GD.ZS,,,,,,,,,,,,,,,-7.909564,0.8442933,0.9081081,1.448168,11.26989,5.896678,3.760517,1.059274,1.963334,0.1884852,-1.383684,2.134891,0.5762112,0.5724561,0.9403749,0.6777074,1.120074,0.404407,-0.7743587,-0.9625511,1.56922,1.998542,1.181079,1.400973,1.900139,2.700021,4.070863,5.445665,3.901635,2.72876,4.120872,4.537041,4.145413,2.469796,1.602293,1.458073,3.937735,19.37574,3.14276,4.497678,1.203434,6.305768,5.79406,,,,,,,,,,,,,,,-44328181,5212005.4,5624596,11258562,92893666,52585152,42734849,10193888,16131769,1443319.4,-9936912.1,16275546,6113092.4,7150544.3,12966336,9169040.4,18239597,6479812.9,-13109576,-11873038,15419538,26168569,17308099,20999903,30161787,42554876,52687149,72554169,57534690,45671001,79824366,95965416,91315554,62324369,50687212,46118874,1.25E+08,7.28E+08,1.22E+08,1.84E+08,53948490,2.58E+08,2.55E+08,-0.39,0.37,2,36.96,16.3,62.5,-0.44,0.29,5,31.61,16.58,54.92,-0.61,0.27,5,25.13,13.33,43.59,-0.69,0.23,6,24.49,14.8,42.86,-0.64,0.19,6,25.51,17.35,43.88,-0.76,0.19,7,21.67,13.79,36.45,-0.79,0.17,7,22.06,15.69,33.33,-0.88,0.18,8,20.1,12.25,28.92,-0.94,0.18,8,18.45,9.71,26.7,-0.95,0.18,8,16.99,8.25,26.7,-0.86,0.17,8,22.01,11,30.14,-0.88,0.16,9,20.1,11.48,28.71,-1,0.16,9,18.48,8.06,24.17,-0.84,0.18,9,22.27,11.37,32.23,-0.92,0.18,9,20.38,9.95,29.86,-0.82,0.18,9,22.6,10.58,32.21,-0.82,0.18,9,23.08,12.5,31.25,-0.79,0.18,9,22.6,12.02,32.21,-0.84,0.32,3,24.19,3.23,46.24,-0.8,0.27,5,25.77,6.7,44.33,-0.76,0.27,5,26.9,6.6,44.67,-0.81,0.26,5,25.76,5.05,43.43,-0.92,0.23,6,17.68,5.56,35.35,-0.96,0.2,7,16.1,7.8,29.27,-0.87,0.2,8,20,10.73,36.1,-1.04,0.18,10,15.61,5.37,24.88,-0.99,0.18,10,17.96,5.83,28.16,-0.97,0.18,9,16.99,4.85,28.64,-1.02,0.18,9,16.75,4.31,24.88,-0.96,0.17,10,17.14,7.14,28.1,-1.01,0.16,11,17.06,5.69,23.22,-1,0.15,11,16.11,8.06,26.07,-1.03,0.16,12,15.17,6.16,22.75,-0.89,0.15,12,18.27,11.06,29.81,-0.73,0.15,13,25.48,14.9,37.5,-0.68,0.16,13,28.37,14.9,39.9
Asia&Oceania,Turkmenistan,0,,,,,0,,,,,,0,,,TKM,"Foreign direct investment, net inflows (% of GDP)",BX.KLT.DINV.WD.GD.ZS,,,,,,,,,,,,,,,,,,,,,,,,,,,,,,,,,,2.484882,4.02168,9.386726,4.541707,4.402296,2.390923,5.100611,4.50999,4.809362,6.185527,3.780882,5.172299,5.160188,7.111584,6.75923,6.626358,22.52356,16.08411,11.6,8.900018,9.521504,9.581072,11.89612,12.49999,,,,,,,,,,,,,,,,,,,,,,,,,,,,,,,,,,79000000,1.03E+08,2.33E+08,1.08E+08,1.08E+08,62300000,1.25E+08,1.31E+08,1.70E+08,2.76E+08,2.26E+08,3.54E+08,4.18E+08,7.31E+08,8.56E+08,1.28E+09,4.55E+09,3.63E+09,3.39E+09,3.13E+09,3.73E+09,4.17E+09,4.26E+09,4.52E+09,-1.38,0.36,2,8.15,1.63,22.83,-1.89,0.3,4,4.15,0,7.25,-1.86,0.28,4,3.59,0,8.21,-1.91,0.24,5,2.04,0,5.61,-1.83,0.2,5,2.55,0,3.57,-1.99,0.21,5,1.97,0,3.45,-1.85,0.17,6,1.96,0.98,3.92,-2.13,0.2,6,1.47,0,2.45,-2.05,0.2,6,2.43,0,2.43,-2.02,0.2,6,2.43,0,2.43,-1.99,0.19,6,2.39,0.48,2.87,-2.04,0.18,6,2.39,0.48,2.39,-2.02,0.18,6,1.9,0.47,2.37,-2.07,0.19,7,1.42,0,2.37,-2.09,0.19,7,1.42,0,2.37,-2.06,0.2,7,1.92,0,2.88,-2.07,0.19,7,1.92,0,2.4,-2.09,0.2,7,1.92,0,2.88,-1.02,0.34,2,15.59,0.54,38.71,-1.1,0.23,4,12.89,0.52,29.9,-1.13,0.22,4,9.14,2.03,26.4,-1.27,0.22,4,4.55,0,21.21,-1.22,0.2,5,7.58,0.51,18.69,-1.47,0.19,5,2.44,0,10.73,-1.46,0.16,6,1.95,0,10.73,-1.52,0.18,6,1.95,0,7.32,-1.52,0.17,6,1.94,0,7.28,-1.5,0.16,6,2.43,0,5.83,-1.53,0.17,6,1.44,0,5.74,-1.53,0.16,6,1.43,0,5.71,-1.54,0.17,6,1.42,0,5.69,-1.43,0.17,7,1.9,0,10.9,-1.41,0.17,7,2.84,0,10.9,-1.31,0.17,7,6.73,0.48,13.94,-1.35,0.17,7,5.77,0.48,12.98,-1.46,0.18,7,4.33,0,10.58
Africa,Uganda,0,,,,,0,,,,,,0,,,UGA,"Foreign direct investment, net inflows (% of GDP)",BX.KLT.DINV.WD.GD.ZS,,,,,,,,,,,0.3333111,-0.0846389,-0.7978028,0.3054294,0.0809469,0.0889998,0.0837658,0.0272436,0.0813962,0.0935005,0.3213858,,0.0927669,,,-0.1136471,,,0.0722085,-0.0333556,-0.1373014,0.0301048,0.1049884,1.695421,2.210288,2.105695,2.001791,2.791365,3.189155,2.337226,2.594762,2.593888,2.988527,3.19082,3.720441,4.213616,6.479821,6.445276,5.118755,3.968968,2.695186,4.360581,5.125804,4.405312,3.790351,1.933074,2.047322,,,,,,,,,,,4200000,-1200000,-11900000,5200000,1700000,2100000,2050000,800000,1970000,2000000,4000000,,2020000,,,-4000000,,,4700000,-1760000,-5910000,1000000,3000000,54600000,88200000,1.21E+08,1.21E+08,1.75E+08,2.10E+08,1.40E+08,1.61E+08,1.52E+08,1.85E+08,2.02E+08,2.95E+08,3.80E+08,6.44E+08,7.92E+08,7.29E+08,8.42E+08,5.44E+08,8.94E+08,1.21E+09,1.10E+09,1.06E+09,5.39E+08,5.23E+08,-0.03,0.31,4,53.8,26.63,65.22,0.2,0.27,6,60.1,39.9,72.54,0.06,0.25,6,56.41,35.38,67.69,-0.04,0.21,7,53.57,40.82,63.27,-0.04,0.18,8,54.59,43.88,62.76,-0.03,0.17,9,54.68,43.84,62.56,-0.27,0.16,9,46.08,32.35,53.43,-0.24,0.17,10,46.57,30.39,54.9,-0.22,0.17,10,48.54,31.55,55.34,-0.23,0.17,10,47.09,33.5,53.88,-0.18,0.16,10,47.85,35.89,54.07,-0.17,0.16,10,47.37,35.89,54.07,-0.16,0.16,11,47.87,36.49,54.98,-0.24,0.17,11,44.55,32.7,53.55,-0.24,0.17,11,45.5,32.7,53.55,-0.22,0.17,11,46.63,32.69,54.33,-0.26,0.17,11,45.67,31.25,53.85,-0.21,0.17,11,46.15,32.21,55.29,-0.72,0.26,4,27.96,10.75,47.31,-0.89,0.21,6,21.13,6.7,35.05,-0.87,0.22,6,22.34,6.09,35.03,-0.91,0.19,7,20.71,6.06,32.32,-0.81,0.18,10,23.74,10.1,35.35,-0.78,0.16,11,24.39,14.15,35.61,-0.82,0.16,11,21.46,13.17,36.1,-0.79,0.15,14,23.9,16.1,36.1,-0.82,0.15,14,20.39,12.62,33.98,-0.83,0.15,15,20.39,13.59,33.98,-0.9,0.15,15,20.1,10.05,28.23,-0.92,0.15,15,18.57,10.95,29.05,-0.92,0.14,16,18.96,11.85,26.07,-0.99,0.13,16,17.06,10.43,25.12,-1.04,0.13,16,13.27,8.06,21.8,-1.09,0.13,15,12.98,7.21,20.19,-1.05,0.13,15,13.46,8.17,20.67,-1.06,0.14,15,12.98,8.17,19.71
Asia&Oceania,Uzbekistan,0,,,,,0,,,,,,0,,,UZB,"Foreign direct investment, net inflows (% of GDP)",BX.KLT.DINV.WD.GD.ZS,,,,,,,,,,,,,,,,,,,,,,,,,,,,,,,,,0.0695448,0.3664398,0.5659285,-0.179769,0.6452125,1.131261,0.9313514,0.7096656,0.5428631,0.7262297,0.6740331,0.8155518,1.467994,1.339157,1.002837,3.160717,2.407152,2.499316,4.160522,3.561229,1.086497,1.090069,1.001775,0.0977571,0.0989319,,,,,,,,,,,,,,,,,,,,,,,,,,,,,,,,,9000000,48000000,73000000,-24000000,90000000,1.67E+08,1.40E+08,1.21E+08,74700000,82800000,65300000,82600000,1.77E+08,1.92E+08,1.74E+08,7.05E+08,7.11E+08,8.42E+08,1.64E+09,1.64E+09,5.63E+08,6.29E+08,6.32E+08,65403201,66502368,-1.78,0.51,2,2.72,0,17.39,-2.13,0.34,4,2.07,0,6.74,-2.1,0.3,6,2.05,0,6.67,-1.52,0.22,8,5.61,2.04,12.24,-1.45,0.18,8,5.1,2.55,12.24,-1.62,0.19,8,3.94,1.97,8.37,-1.49,0.17,8,5.39,1.96,10.78,-1.61,0.19,9,3.92,2.45,8.82,-1.49,0.19,9,4.85,2.43,11.65,-1.37,0.18,9,5.83,2.43,15.53,-1.47,0.17,9,5.74,2.39,9.57,-1.55,0.16,9,4.78,2.39,7.18,-1.56,0.15,10,3.79,2.37,8.06,-1.58,0.16,11,3.32,1.9,8.53,-1.6,0.16,11,3.32,1.42,8.06,-1.71,0.18,11,3.37,1.92,5.29,-1.64,0.17,11,3.85,1.92,5.29,-1.62,0.18,10,4.33,2.4,7.69,-1.13,0.32,2,12.9,0,32.26,-1.16,0.2,4,10.82,0.52,24.74,-1.05,0.2,6,13.2,3.05,27.92,-1.03,0.17,7,13.13,3.03,27.27,-1.09,0.17,8,10.61,4.04,24.24,-1.13,0.17,8,11.22,3.41,20.98,-1.23,0.16,8,9.76,1.46,17.07,-1,0.15,10,17.07,7.32,23.9,-1.03,0.15,10,16.02,6.8,22.82,-1.06,0.14,10,14.08,4.37,20.39,-1.27,0.15,10,5.74,1.44,16.27,-1.3,0.15,10,4.29,0.95,14.76,-1.37,0.15,11,3.79,0,12.32,-1.3,0.14,12,4.74,0,12.8,-1.26,0.14,12,8.06,0.47,14.69,-1.19,0.15,12,9.62,3.85,15.38,-1.26,0.15,11,8.65,1.92,13.46,-1.2,0.16,11,10.1,4.33,14.9
Asia&Oceania,Vietnam,0,,,,,0,,,,,,0,,,VNM,"Foreign direct investment, net inflows (% of GDP)",BX.KLT.DINV.WD.GD.ZS,,,,,,,,,,,,,,,,,,,,,,,,,,-0.0005676,0.0001519,0.0282712,0.0302079,0.0646719,2.781323,3.902797,4.803348,7.027592,11.93948,8.585966,9.71308,8.270097,6.141214,4.922664,3.858492,3.683622,3.689268,3.394427,3.25752,3.390404,3.616001,8.654717,9.663039,7.168824,6.900612,5.481797,5.370299,5.197929,4.9408,6.106361,6.218663,,,,,,,,,,,70000,1820000,-890000,1030000,1250000,4090000,-340000,-10000,463333.33,-60000,1666666.7,17910000,13050000,131111.11,690000,-80000,40000,10363704,7680000,4070000,1.80E+08,3.75E+08,4.74E+08,9.26E+08,1.95E+09,1.78E+09,2.40E+09,2.22E+09,1.67E+09,1.41E+09,1.30E+09,1.30E+09,1.40E+09,1.45E+09,1.61E+09,1.95E+09,2.40E+09,6.70E+09,9.58E+09,7.60E+09,8.00E+09,7.43E+09,8.37E+09,8.90E+09,9.20E+09,1.18E+10,1.26E+10,-0.6,0.29,5,25.54,14.13,49.46,-0.69,0.28,6,24.35,12.44,40.41,-0.73,0.24,7,22.05,12.82,37.44,-0.72,0.21,8,22.45,14.29,40.82,-0.56,0.18,8,29.59,18.88,44.9,-0.56,0.18,9,29.56,18.23,46.31,-0.6,0.16,9,28.92,20.59,43.63,-0.62,0.19,10,27.94,18.14,44.12,-0.56,0.19,10,30.1,19.42,46.6,-0.62,0.18,10,30.1,17.96,43.69,-0.62,0.17,10,28.23,20.57,39.23,-0.62,0.16,10,28.71,19.62,40.67,-0.6,0.16,11,30.33,21.8,41.71,-0.67,0.17,11,27.96,19.43,37.91,-0.64,0.17,11,28.44,20.38,38.39,-0.59,0.18,11,30.77,19.23,42.79,-0.48,0.18,11,35.58,25,48.08,-0.45,0.19,11,35.1,23.56,48.56,-0.49,0.21,6,37.1,24.73,52.15,-0.47,0.18,7,38.14,29.38,50,-0.57,0.17,8,32.99,23.86,45.69,-0.57,0.16,8,33.84,24.24,45.96,-0.5,0.16,10,36.36,25.25,48.99,-0.73,0.15,11,25.85,14.15,36.59,-0.72,0.15,11,25.37,17.07,39.02,-0.75,0.14,14,25.85,17.56,37.07,-0.63,0.15,14,30.58,19.42,40.78,-0.71,0.14,14,28.16,17.96,37.86,-0.54,0.14,14,34.45,23.92,45.93,-0.62,0.14,15,31.43,20.48,41.9,-0.61,0.14,16,32.7,20.85,43.13,-0.53,0.13,16,36.02,26.07,46.92,-0.48,0.13,15,38.86,27.49,48.82,-0.44,0.13,14,40.87,29.81,51.44,-0.43,0.13,14,41.83,30.77,52.4,-0.4,0.14,13,41.83,32.21,50.48
Africa,Zambia,1,2008,2009,2012,2017,0,,,,,,0,,https://eiti.org/zambia#implementation-,ZMB,"Foreign direct investment, net inflows (% of GDP)",BX.KLT.DINV.WD.GD.ZS,,,,,,,,,,,0.5215622,0.4991108,1.517757,1.410491,1.217233,1.45112,1.128621,1.730165,1.372018,1.058487,1.611176,-0.9915648,0.9762746,0.7990529,0.6278645,2.257526,1.70282,3.28209,2.512377,4.093894,6.170063,1.015129,1.41424,9.605168,1.093898,2.547893,3.255291,4.819577,5.596884,4.758671,3.379914,3.541352,7.114949,7.078975,5.851719,4.284032,4.827129,9.418112,5.240508,4.53278,8.533197,4.725044,6.789299,7.48713,5.553462,7.481503,8.056066,,,,,,,,,,,9520000,8420000,29000000,32000000,38000000,38000000,31000000,42960000,38600000,35200000,61700000,-38400000,39000000,25700000,17200000,51500000,28300000,74500000,93300000,1.64E+08,2.03E+08,34300000,45000000,3.14E+08,40000000,97000000,1.17E+08,2.07E+08,1.98E+08,1.62E+08,1.22E+08,1.45E+08,2.98E+08,3.47E+08,3.64E+08,3.57E+08,6.16E+08,1.32E+09,9.39E+08,6.95E+08,1.73E+09,1.11E+09,1.73E+09,2.10E+09,1.51E+09,1.58E+09,1.58E+09,-0.48,0.31,4,29.89,16.3,55.98,-0.11,0.27,6,49.22,25.91,65.28,-0.26,0.25,6,40,23.08,58.97,-0.6,0.21,7,28.57,18.88,43.37,-0.55,0.18,8,30.61,18.88,46.43,-0.54,0.17,9,30.54,20.2,46.31,-0.73,0.16,8,24.51,16.67,36.27,-0.62,0.18,9,26.96,18.63,43.14,-0.49,0.18,9,32.52,21.84,49.51,-0.46,0.17,9,35.92,22.33,50,-0.53,0.16,10,33.49,23.44,44.98,-0.5,0.16,10,34.45,23.44,44.98,-0.44,0.16,10,35.55,26.07,47.39,-0.43,0.17,11,36.97,26.07,46.92,-0.47,0.17,11,34.6,24.17,45.97,-0.5,0.17,11,32.69,25.96,45.67,-0.44,0.17,11,36.54,27.4,49.04,-0.48,0.17,10,32.69,23.08,46.63,-0.84,0.26,4,24.73,5.91,41.4,-0.77,0.21,6,28.35,12.37,41.75,-0.72,0.22,6,28.93,12.18,43.65,-0.73,0.19,7,28.79,11.62,41.41,-0.6,0.18,9,33.33,18.69,45.96,-0.59,0.16,11,32.2,21.46,44.88,-0.59,0.17,10,34.63,19.51,47.32,-0.55,0.16,12,35.61,21.46,46.34,-0.41,0.17,12,39.32,28.64,54.37,-0.39,0.16,13,41.26,29.61,53.88,-0.46,0.15,14,38.28,25.36,52.63,-0.51,0.15,14,37.14,24.29,48.1,-0.4,0.15,14,42.65,28.91,54.03,-0.28,0.14,15,47.87,36.97,56.4,-0.31,0.13,16,46.45,36.02,55.45,-0.34,0.13,14,45.19,34.13,52.88,-0.34,0.13,15,46.15,33.17,53.85,-0.4,0.14,14,42.31,32.21,50.96
